group href,h-full src,ais-Highlight-nonHighlighted,text-base,text-xs-4,absolute,font-sans,flex src (2),font-sans (2),gl-font-meta,group href (2)
https://www.cabo-adventures.com/en/tour/luxury-day-sailing/,https://cdn.sanity.io/images/esqfj3od/production/834cde8965aeeee934450fb9b385ed7ecfa36c16-608x912.webp?w=640&q=65&fit=clip&auto=format,4-HOUR LUXURY CABO SAILING BOAT TOUR,$104 USD,$149 USD,-30%,4 Hours,https://cdn.sanity.io/images/esqfj3od/production/7bba402f8a80a81c964f504de9e5a9cf8a7e0a3a-24x24.svg?w=48&q=65&fit=clip&auto=format,Min 8 years old,ADD TO CART,
https://www.cabo-adventures.com/en/tour/signature-swim/,https://cdn.sanity.io/images/esqfj3od/production/bd7bfbf824efdf124cf41220ef1830bf4335a462-608x912.webp?w=640&q=65&fit=clip&auto=format,CABO DOLPHIN SWIM SIGNATURE,$146 USD,$209 USD,-30%,40 Minutes,https://cdn.sanity.io/images/esqfj3od/production/7bba402f8a80a81c964f504de9e5a9cf8a7e0a3a-24x24.svg?w=48&q=65&fit=clip&auto=format,Min. 4 years old,ADD TO CART,
https://www.cabo-adventures.com/en/tour/outdoor-adventure-cabo/,https://cdn.sanity.io/images/esqfj3od/production/82ad01cfa3a513e85d158016f76161a9460e5247-608x912.webp?w=640&q=65&fit=clip&auto=format,OUTDOOR ADVENTURE 4X4 + CABO ZIPLINE + RAPPEL,$97 USD,$139 USD,-30%,3.5 Hours,https://cdn.sanity.io/images/esqfj3od/production/7bba402f8a80a81c964f504de9e5a9cf8a7e0a3a-24x24.svg?w=48&q=65&fit=clip&auto=format,Min 8 years old,ADD TO CART,
https://www.cabo-adventures.com/en/tour/camel-atv-ecofarm/,https://cdn.sanity.io/images/esqfj3od/production/35784d21127935173359fdf767ff0c62074ff0b5-608x912.webp?w=640&q=65&fit=clip&auto=format,CAMELS + ATV + LUNCH,$118 USD,$169 USD,-30%,3 hours,https://cdn.sanity.io/images/esqfj3od/production/7bba402f8a80a81c964f504de9e5a9cf8a7e0a3a-24x24.svg?w=48&q=65&fit=clip&auto=format,Min 8 years old,ADD TO CART,
https://www.cabo-adventures.com/en/tour/luxury-sunset-sailing-cabo/,https://cdn.sanity.io/images/esqfj3od/production/56c52d182d39bb86c7c5d638d537684b4c376b1b-608x912.webp?w=640&q=65&fit=clip&auto=format,LUXURY CABO SUNSET CRUISE,$76 USD,$109 USD,-30%,2.5 Hours,https://cdn.sanity.io/images/esqfj3od/production/7bba402f8a80a81c964f504de9e5a9cf8a7e0a3a-24x24.svg?w=48&q=65&fit=clip&auto=format,Min 8 years old,ADD TO CART,
https://www.cabo-adventures.com/en/tour/dolphin-experience/,https://cdn.sanity.io/images/esqfj3od/production/e561f483565d57da0f60f4b78b9d7e201e1719a5-608x912.webp?w=640&q=65&fit=clip&auto=format,CABO DOLPHIN EXPERIENCE,$125 USD,$179 USD,-30%,30 Min,https://cdn.sanity.io/images/esqfj3od/production/7bba402f8a80a81c964f504de9e5a9cf8a7e0a3a-24x24.svg?w=48&q=65&fit=clip&auto=format,Min. 4 years old,ADD TO CART,
https://www.cabo-adventures.com/en/tour/luxury-two-bay-snorkel/,https://cdn.sanity.io/images/esqfj3od/production/6408a4a1046222b51e2764397e57ab987ad17be3-608x912.webp?w=640&q=65&fit=clip&auto=format,LUXURY TWO-BAY SNORKEL,$97 USD,$139 USD,-30%,4 Hours,https://cdn.sanity.io/images/esqfj3od/production/7bba402f8a80a81c964f504de9e5a9cf8a7e0a3a-24x24.svg?w=48&q=65&fit=clip&auto=format,Min 5 years old,ADD TO CART,
https://www.cabo-adventures.com/en/tour/outback-and-camel-safari/,https://cdn.sanity.io/images/esqfj3od/production/87cb95d909eacc583b3bcd8d9e0f8ebf8cc2bf22-608x912.webp?w=640&q=65&fit=clip&auto=format,OUTBACK & CABO CAMEL RIDE,$83 USD,$119 USD,-30%,3 Hours,https://cdn.sanity.io/images/esqfj3od/production/7bba402f8a80a81c964f504de9e5a9cf8a7e0a3a-24x24.svg?w=48&q=65&fit=clip&auto=format,Min 5 years old,ADD TO CART,
https://www.cabo-adventures.com/en/tour/luxury-whale-watching/,https://cdn.sanity.io/images/esqfj3od/production/76c1e97bb2129788a3907f7809aba1b85f328cbb-608x912.webp?w=640&q=65&fit=clip&auto=format,LUXURY WHALE WATCHING IN CABO,$97 USD,$139 USD,-30%,2.5 Hours,https://cdn.sanity.io/images/esqfj3od/production/7bba402f8a80a81c964f504de9e5a9cf8a7e0a3a-24x24.svg?w=48&q=65&fit=clip&auto=format,Min 5 years old,ADD TO CART,
https://www.cabo-adventures.com/en/tour/whale-shark-encounter/,https://cdn.sanity.io/images/esqfj3od/production/ae2e87b46789cce6c375dea1ebb9c678fac559f3-608x912.webp?w=640&q=65&fit=clip&auto=format,SWIM WITH WHALE SHARKS IN CABO,$202 USD,$289 USD,-30%,10 Hours,https://cdn.sanity.io/images/esqfj3od/production/7bba402f8a80a81c964f504de9e5a9cf8a7e0a3a-24x24.svg?w=48&q=65&fit=clip&auto=format,Min 8 years old,ADD TO CART,
https://www.cabo-adventures.com/en/tour/whale-watching-in-cabo/,https://cdn.sanity.io/images/esqfj3od/production/98e3663ffb8c276a4a350d7f7815ec5592530bae-608x912.webp?w=640&q=65&fit=clip&auto=format,CABO WHALE WATCHING,$76 USD,$109 USD,-30%,2 Hours,https://cdn.sanity.io/images/esqfj3od/production/7bba402f8a80a81c964f504de9e5a9cf8a7e0a3a-24x24.svg?w=48&q=65&fit=clip&auto=format,Min 5 years old,ADD TO CART,
https://www.cabo-adventures.com/en/tour/balandra-beach-and-snorkeling-la-paz/,https://cdn.sanity.io/images/esqfj3od/production/bda2f112b39b66afc2d7399b8f7d8e0315a31312-608x912.webp?w=640&q=65&fit=clip&auto=format,BALANDRA BEACH & LA PAZ SNORKELING,$153 USD,$219 USD,-30%,4 Hours,https://cdn.sanity.io/images/esqfj3od/production/7bba402f8a80a81c964f504de9e5a9cf8a7e0a3a-24x24.svg?w=48&q=65&fit=clip&auto=format,Min 5 years old,ADD TO CART,
https://www.cabo-adventures.com/en/tour/snorkel-and-sea-adventure/,https://cdn.sanity.io/images/esqfj3od/production/83982922b8eb5816820c2072e55ea43179750b2a-608x912.webp?w=640&q=65&fit=clip&auto=format,CABO SNORKEL & LAND'S END ARCH,$69 USD,$99 USD,-30%,3 Hours,https://cdn.sanity.io/images/esqfj3od/production/7bba402f8a80a81c964f504de9e5a9cf8a7e0a3a-24x24.svg?w=48&q=65&fit=clip&auto=format,Min 5 years old,ADD TO CART,
https://www.cabo-adventures.com/en/tour/premium-swim/,https://cdn.sanity.io/images/esqfj3od/production/0f4ffc011eaef19f01a7b1d0aa7b3115713fac8b-608x912.webp?w=640&q=65&fit=clip&auto=format,CABO SWIM WITH DOLPHINS PREMIUM,$167 USD,$239 USD,-30%,1 Hour,https://cdn.sanity.io/images/esqfj3od/production/7bba402f8a80a81c964f504de9e5a9cf8a7e0a3a-24x24.svg?w=48&q=65&fit=clip&auto=format,Min. 4 years old,ADD TO CART,
https://www.cabo-adventures.com/en/tour/dolphin-encounter-cabo/,https://cdn.sanity.io/images/esqfj3od/production/ffd3d3441fb3cf06d4d38185fa7a6d88788dafa8-608x912.webp?w=640&q=65&fit=clip&auto=format,FAMILY DOLPHIN ENCOUNTER CABO,$97 USD,$139 USD,-30%,20 Minutes,https://cdn.sanity.io/images/esqfj3od/production/7bba402f8a80a81c964f504de9e5a9cf8a7e0a3a-24x24.svg?w=48&q=65&fit=clip&auto=format,Min. 1 year old,ADD TO CART,
https://www.cabo-adventures.com/en/tour/combo-arch-camels/,https://cdn.sanity.io/images/esqfj3od/production/e01fbc5ee1c85e8b9e460c8ddab5ac1281a07c7a-608x912.webp?w=640&q=65&fit=clip&auto=format,CAMELS + ARCH + LUNCH,$104 USD,$149 USD,-30%,4 Hours,https://cdn.sanity.io/images/esqfj3od/production/7bba402f8a80a81c964f504de9e5a9cf8a7e0a3a-24x24.svg?w=48&q=65&fit=clip&auto=format,Min 5 years old,ADD TO CART,
https://www.cabo-adventures.com/en/tour/offroad-adventure-utv-cabo/,https://cdn.sanity.io/images/esqfj3od/production/001080a8df5433b486bfdf44f6912dba649f839d-608x912.webp?w=640&q=65&fit=clip&auto=format,OFF ROAD UTV TOUR,$139 USD,$199 USD,-30%,3 Hours,https://cdn.sanity.io/images/esqfj3od/production/7bba402f8a80a81c964f504de9e5a9cf8a7e0a3a-24x24.svg?w=48&q=65&fit=clip&auto=format,Min 8 years old,ADD TO CART,
https://www.cabo-adventures.com/en/tour/atv-desert-adventure/,https://cdn.sanity.io/images/esqfj3od/production/ae313d66dd02c66e3e3eb68e5c2ecdebbb209c18-608x912.webp?w=640&q=65&fit=clip&auto=format,CABO ATV TOUR & DESERT ADVENTURE,$91 USD,$130 USD,-30%,3 Hours,https://cdn.sanity.io/images/esqfj3od/production/7bba402f8a80a81c964f504de9e5a9cf8a7e0a3a-24x24.svg?w=48&q=65&fit=clip&auto=format,Min 8 years old,ADD TO CART,
https://www.cabo-adventures.com/en/tour/jet-ski-tour-cabo-san-lucas/,https://cdn.sanity.io/images/esqfj3od/production/669fd54eb0296302cb757c6e290358e6ab23619d-608x912.webp?w=640&q=65&fit=clip&auto=format,JET SKI CABO ADVENTURE,$125 USD,$179 USD,-30%,2 Hours,https://cdn.sanity.io/images/esqfj3od/production/7bba402f8a80a81c964f504de9e5a9cf8a7e0a3a-24x24.svg?w=48&q=65&fit=clip&auto=format,Min. 10 years old,ADD TO CART,
https://www.cabo-adventures.com/en/tour/offroad-camel/,https://cdn.sanity.io/images/esqfj3od/production/e4e8072fff5396f7d57225765b646ea8e19d160a-608x912.webp?w=640&q=65&fit=clip&auto=format,UTV OFF ROAD + CAMEL TOUR,$174 USD,$249 USD,-30%,3 Hours,https://cdn.sanity.io/images/esqfj3od/production/7bba402f8a80a81c964f504de9e5a9cf8a7e0a3a-24x24.svg?w=48&q=65&fit=clip&auto=format,Min 8 years old,ADD TO CART,
https://www.cabo-adventures.com/en/tour/trainer-for-a-day-cabo/,https://cdn.sanity.io/images/esqfj3od/production/dc1f210b85b0c6a20ddeb4ec57fdf995a9a4d32c-608x912.webp?w=640&q=65&fit=clip&auto=format,DOLPHIN TRAINER FOR A DAY,$209 USD,$299 USD,-30%,4.5 Hours,https://cdn.sanity.io/images/esqfj3od/production/7bba402f8a80a81c964f504de9e5a9cf8a7e0a3a-24x24.svg?w=48&q=65&fit=clip&auto=format,Min. 12 years old,ADD TO CART,
https://www.cabo-adventures.com/en/tour/lands-end/,https://cdn.sanity.io/images/esqfj3od/production/9a71826e440bfca849a2f267daec56c427ea8a7a-608x912.webp?w=640&q=65&fit=clip&auto=format,CABO SCUBA DIVING AT LAND'S END,$90 USD,$129 USD,-30%,3 Hours,https://cdn.sanity.io/images/esqfj3od/production/b339af7e58839034ff36bf6de80956bb04fcb4d5-80x80.svg?w=256&q=65&fit=clip&auto=format,Certified Divers,ADD TO CART,
https://www.cabo-adventures.com/en/tour/cabo-pulmo-dive/,https://cdn.sanity.io/images/esqfj3od/production/12a06b2f41671d834c0500d6ad2ec574c9c9fdf3-608x912.webp?w=640&q=65&fit=clip&auto=format,CABO PULMO DIVING TOUR,$202 USD,$289 USD,-30%,8 Hours,https://cdn.sanity.io/images/esqfj3od/production/b339af7e58839034ff36bf6de80956bb04fcb4d5-80x80.svg?w=256&q=65&fit=clip&auto=format,Certified Divers,ADD TO CART,
https://www.cabo-adventures.com/en/tour/cabo-pulmo-snorkel-expedition/,https://cdn.sanity.io/images/esqfj3od/production/0ddb7b3a73c178109d251cf3fb523a6fb7052321-608x912.webp?w=640&q=65&fit=clip&auto=format,CABO PULMO SNORKELING EXPEDITION,$202 USD,$289 USD,-30%,8 Hours,https://cdn.sanity.io/images/esqfj3od/production/7bba402f8a80a81c964f504de9e5a9cf8a7e0a3a-24x24.svg?w=48&q=65&fit=clip&auto=format,Min. 10 years old,ADD TO CART,
https://www.cabo-adventures.com/en/tour/electric-bike-adventure/,https://cdn.sanity.io/images/esqfj3od/production/bcbf7e32150c86f45f3aa4b923441ee7e1920e0f-608x912.webp?w=640&q=65&fit=clip&auto=format,ELECTRIC BIKING BEACH AND DESERT ADVENTURE,$76 USD,$109 USD,-30%,3 Hours,https://cdn.sanity.io/images/esqfj3od/production/7bba402f8a80a81c964f504de9e5a9cf8a7e0a3a-24x24.svg?w=48&q=65&fit=clip&auto=format,Min 8 years old,ADD TO CART,
https://www.cabo-adventures.com/en/tour/magical-todos-santos/,https://cdn.sanity.io/images/esqfj3od/production/ed065bdd700fd2da09836fa8d248dba5ba36b08c-608x912.webp?w=640&q=65&fit=clip&auto=format,MAGICAL TODOS SANTOS & CAMELS,$90 USD,$129 USD,-30%,4 Hours,https://cdn.sanity.io/images/esqfj3od/production/7bba402f8a80a81c964f504de9e5a9cf8a7e0a3a-24x24.svg?w=48&q=65&fit=clip&auto=format,Min 5 years old,ADD TO CART,
https://www.cabo-adventures.com/en/tour/city-tour-los-cabos/,https://cdn.sanity.io/images/esqfj3od/production/e2b8290b7b2e1b349e985353c40e215ed03969d1-608x912.webp?w=640&q=65&fit=clip&auto=format,SAN JOSE DEL CABO & CABO SAN LUCAS TOUR,$90 USD,$129 USD,-30%,5.5 Hours,https://cdn.sanity.io/images/esqfj3od/production/7bba402f8a80a81c964f504de9e5a9cf8a7e0a3a-24x24.svg?w=48&q=65&fit=clip&auto=format,Min 5 years old,ADD TO CART,
https://www.cabo-adventures.com/en/tour/art-wine-san-jose/,https://cdn.sanity.io/images/esqfj3od/production/f046254fad1f4b9a0c0359fbc7d5f1bd798e7ebe-608x912.webp?w=640&q=65&fit=clip&auto=format,ART & WINE EVENINGS IN SAN JOSE DEL CABO,$90 USD,$129 USD,-30%,5 Hours,https://cdn.sanity.io/images/esqfj3od/production/7bba402f8a80a81c964f504de9e5a9cf8a7e0a3a-24x24.svg?w=48&q=65&fit=clip&auto=format,Minimum 18 years old,ADD TO CART,
https://www.cabo-adventures.com/en/tour/e-bike-camels/,https://cdn.sanity.io/images/esqfj3od/production/ecc4c618c46cab0baa8458099758e05e496fafaf-608x912.webp?w=640&q=65&fit=clip&auto=format,ELECTRIC BIKE TOUR + CAMEL RIDE,$90 USD,$129 USD,-30%,3 Hours,https://cdn.sanity.io/images/esqfj3od/production/7bba402f8a80a81c964f504de9e5a9cf8a7e0a3a-24x24.svg?w=48&q=65&fit=clip&auto=format,Min 8 years old,ADD TO CART,
https://www.cabo-adventures.com/en/tour/magdalena-bay-gray-whale-watching/,https://cdn.sanity.io/images/esqfj3od/production/cd88f789bef4b6906d72c0fb5781ffde670e0885-608x912.webp?w=640&q=65&fit=clip&auto=format,MAGDALENA BAY GRAY WHALE WATCHING EXPEDITION,$790 USD,,,2 Days,https://cdn.sanity.io/images/esqfj3od/production/7bba402f8a80a81c964f504de9e5a9cf8a7e0a3a-24x24.svg?w=48&q=65&fit=clip&auto=format,Min. 15 years old,ADD TO CART,
https://www.cabo-adventures.com/en/tour/padi-open-water-diver/,https://cdn.sanity.io/images/esqfj3od/production/ad175bcdafc2bee3d10a8e55cc0da339fe7f76bb-608x912.webp?w=640&q=65&fit=clip&auto=format,PADI OPEN WATER DIVER CERTIFICATION COURSE,$590 USD,,,3 - 5 Days,https://cdn.sanity.io/images/esqfj3od/production/7bba402f8a80a81c964f504de9e5a9cf8a7e0a3a-24x24.svg?w=48&q=65&fit=clip&auto=format,Min. 10 years old,ADD TO CART,
https://www.cabo-adventures.com/en/tour/padi-advanced-open-water-diver/,https://cdn.sanity.io/images/esqfj3od/production/b94a07aac51c22d31f5d55c87b18e8aedf444c32-608x912.webp?w=640&q=65&fit=clip&auto=format,PADI ADVANCED OPEN WATER DIVER CERTIFICATION COURSE,$490 USD,,,2 days,https://cdn.sanity.io/images/esqfj3od/production/b339af7e58839034ff36bf6de80956bb04fcb4d5-80x80.svg?w=256&q=65&fit=clip&auto=format,Certified Divers,ADD TO CART,
https://www.cabo-adventures.com/en/tour/kids-club/,https://cdn.sanity.io/images/esqfj3od/production/60d4c7b5471dc8a1835bdfbd00b0ac1273b95d59-608x912.webp?w=640&q=65&fit=clip&auto=format,KIDS CLUB,$83 USD,$119 USD,-30%,5-6 Hours,https://cdn.sanity.io/images/esqfj3od/production/7bba402f8a80a81c964f504de9e5a9cf8a7e0a3a-24x24.svg?w=48&q=65&fit=clip&auto=format,Min. 4 to 12 years old,ADD TO CART,
https://www.cabo-adventures.com/en/tour/multi-day-sailing-luxury-catamarans-charters-in-cabo/,https://cdn.sanity.io/images/esqfj3od/production/e249b877dfb1edab2ca54fd3e6c75ea9e0dfbcfb-608x912.webp?w=640&q=65&fit=clip&auto=format,MULTI-DAY SAILING LUXURY CATAMARANS CHARTERS IN CABO,$5500 USD,,,2 to 7 days,https://cdn.sanity.io/images/esqfj3od/production/7bba402f8a80a81c964f504de9e5a9cf8a7e0a3a-24x24.svg?w=48&q=65&fit=clip&auto=format,No age restrictions,ADD TO CART,
https://www.cabo-adventures.com/en/tour/whale-watching-private/,https://cdn.sanity.io/images/esqfj3od/production/01fb3b2fae63cb61d80bafcfc6ca0d56c51c6ec0-608x912.webp?w=640&q=65&fit=clip&auto=format,PRIVATE LUXURY WHALE WATCHING,$750 USD,,,2.5 Hours,https://cdn.sanity.io/images/esqfj3od/production/7bba402f8a80a81c964f504de9e5a9cf8a7e0a3a-24x24.svg?w=48&q=65&fit=clip&auto=format,Min 5 years old,ADD TO CART,
https://www.cabo-adventures.com/en/tour/snorkel-private/,https://cdn.sanity.io/images/esqfj3od/production/fe81a8e6e41c68f6d3b8972b6af57a4ef22a2d7e-608x912.webp?w=640&q=65&fit=clip&auto=format,PRIVATE ARCH AND SNORKEL TOUR,$1176 USD,$1680 USD,-30%,3 Hours,https://cdn.sanity.io/images/esqfj3od/production/7bba402f8a80a81c964f504de9e5a9cf8a7e0a3a-24x24.svg?w=48&q=65&fit=clip&auto=format,Min 5 years old,ADD TO CART,
https://www.cabo-adventures.com/en/tour/sports-fishing-private/,https://cdn.sanity.io/images/esqfj3od/production/4dc39a9f91cc0e8ea44b683b55afd4a0967b9473-608x912.webp?w=640&q=65&fit=clip&auto=format,PRIVATE SPORTS FISHING,$750 USD,,,5-6 Hours,https://cdn.sanity.io/images/esqfj3od/production/7bba402f8a80a81c964f504de9e5a9cf8a7e0a3a-24x24.svg?w=48&q=65&fit=clip&auto=format,Min 8 years old,ADD TO CART,
https://www.cabo-adventures.com/en/tour/day-sailing-private/,https://cdn.sanity.io/images/esqfj3od/production/0c84b28a6a85dd1fd91edc5cfd0eea96f94f3903-608x912.webp?w=640&q=65&fit=clip&auto=format,PRIVATE LUXURY DAY SAILING,$1235 USD,$1765 USD,-30%,4 Hours,https://cdn.sanity.io/images/esqfj3od/production/7bba402f8a80a81c964f504de9e5a9cf8a7e0a3a-24x24.svg?w=48&q=65&fit=clip&auto=format,Min 8 years old,ADD TO CART,
https://www.cabo-adventures.com/en/tour/sunset-sailing-private/,https://cdn.sanity.io/images/esqfj3od/production/3c151c9a064bdf6bcbaca1af903bb66b5b0dc28b-608x912.webp?w=640&q=65&fit=clip&auto=format,PRIVATE LUXURY SUNSET SAILING,$1235 USD,$1765 USD,-30%,2.5 Hours,https://cdn.sanity.io/images/esqfj3od/production/7bba402f8a80a81c964f504de9e5a9cf8a7e0a3a-24x24.svg?w=48&q=65&fit=clip&auto=format,Min 8 years old,ADD TO CART,
https://www.cabo-adventures.com/en/tour/catamaran-sunset-private/,https://cdn.sanity.io/images/esqfj3od/production/2732f6b9ad7e25dc67da8aacb53f1097a5d38e36-608x912.webp?w=640&q=65&fit=clip&auto=format,PRIVATE SUNSET SAIL,$1235 USD,$1765 USD,-30%,2.5 Hours,https://cdn.sanity.io/images/esqfj3od/production/7bba402f8a80a81c964f504de9e5a9cf8a7e0a3a-24x24.svg?w=48&q=65&fit=clip&auto=format,Min 8 years old,ADD TO CART,
https://www.cabo-adventures.com/en/tour/discover-scuba-diving-private/,https://cdn.sanity.io/images/esqfj3od/production/4d1b9b5aa0bcd9cc9bf8b81f43b3cd5ae1b27e69-608x912.webp?w=640&q=65&fit=clip&auto=format,PRIVATE DISCOVER SCUBA DIVING,$175 USD,$250 USD,-30%,3 hours,https://cdn.sanity.io/images/esqfj3od/production/7bba402f8a80a81c964f504de9e5a9cf8a7e0a3a-24x24.svg?w=48&q=65&fit=clip&auto=format,Min. 10 years old,ADD TO CART,
https://www.cabo-adventures.com/en/tour/scuba-diving-at-lands-end-private/,https://cdn.sanity.io/images/esqfj3od/production/2f7a8a9e1e3ea51b5f1b3c5de532bb7ca97b5075-608x912.webp?w=640&q=65&fit=clip&auto=format,PRIVATE SCUBA DIVING AT LAND'S END,$175 USD,$250 USD,-30%,3 hours,https://cdn.sanity.io/images/esqfj3od/production/b339af7e58839034ff36bf6de80956bb04fcb4d5-80x80.svg?w=256&q=65&fit=clip&auto=format,Certified Divers,ADD TO CART,
https://www.cabo-adventures.com/en/tour/surf-lesson/,https://cdn.sanity.io/images/esqfj3od/production/fe35f5dd9ed3f13b3edc1aa5e1e9edee48dc48e8-608x912.webp?w=640&q=65&fit=clip&auto=format,SURF LESSONS IN CABO,$97 USD,$139 USD,-30%,4 Hours,https://cdn.sanity.io/images/esqfj3od/production/7bba402f8a80a81c964f504de9e5a9cf8a7e0a3a-24x24.svg?w=48&q=65&fit=clip&auto=format,Min 8 years old,ADD TO CART,
https://www.cabo-adventures.com/en/tour/all-terrain-atv-tour/,https://cdn.sanity.io/images/esqfj3od/production/fc5e7e3fc13f4e7af33e2ea96c057fd6b4f1db15-608x912.webp?w=640&q=65&fit=clip&auto=format,ALL TERRAIN ATV TOUR,$91 USD,$130 USD,-30%,3 Hours,https://cdn.sanity.io/images/esqfj3od/production/7bba402f8a80a81c964f504de9e5a9cf8a7e0a3a-24x24.svg?w=48&q=65&fit=clip&auto=format,Min 8 years old,ADD TO CART,
https://www.cabo-adventures.com/en/tour/all-terrain-utv-tour/,https://cdn.sanity.io/images/esqfj3od/production/dd24af6a4b12536ebe246df0bd767c5ebc0d4e4d-608x912.webp?w=640&q=65&fit=clip&auto=format,ALL TERRAIN UTV TOUR,$139 USD,$199 USD,-30%,3 Hours,https://cdn.sanity.io/images/esqfj3od/production/7bba402f8a80a81c964f504de9e5a9cf8a7e0a3a-24x24.svg?w=48&q=65&fit=clip&auto=format,Min 8 years old,ADD TO CART,
https://www.cabo-adventures.com/en/tour/catamaran-day-sail/,https://cdn.sanity.io/images/esqfj3od/production/a3e9eaf8ec20fb31a9398e6f3f7c2b88f1a3b65e-608x912.webp?w=640&q=65&fit=clip&auto=format,CATAMARAN DAY SAIL,$104 USD,$149 USD,-30%,4 Hours,https://cdn.sanity.io/images/esqfj3od/production/7bba402f8a80a81c964f504de9e5a9cf8a7e0a3a-24x24.svg?w=48&q=65&fit=clip&auto=format,Min 8 years old,ADD TO CART,
https://www.cabo-adventures.com/en/tour/catamaran-sunset-sail/,https://cdn.sanity.io/images/esqfj3od/production/af08fb1d578b6dc1e19c8dc1387e79c84a3ada14-608x912.webp?w=640&q=65&fit=clip&auto=format,CATAMARAN SUNSET SAIL,$76 USD,$109 USD,-30%,2.5 Hours,https://cdn.sanity.io/images/esqfj3od/production/7bba402f8a80a81c964f504de9e5a9cf8a7e0a3a-24x24.svg?w=48&q=65&fit=clip&auto=format,Min 8 years old,ADD TO CART,