stretched-link href,w-100 src,location,detail,col-12,detail (2),detail (3),col-auto,col-auto (2),col-auto (3)
https://www.cabovillas.com/properties.asp?PID=441,https://www.cabovillas.com/Properties/Villas/Villa_Tranquilidad/FULL/Villa_Tranquilidad-1.jpg?width=486,"SAN JOSÉ DEL CABO, OCEANFRONT, BEACHFRONT",Villa Tranquilidad,Spectacular Beachfront Villa Located in Puert...,6+ -Star Platinum Villa,+,8,8+,16
https://www.cabovillas.com/properties.asp?PID=456,https://www.cabovillas.com/Properties/Villas/Villa_Lorena/FULL/Villa_Lorena-1.jpg?width=486,CABO SAN LUCAS,Villa Lorena,Comfortable Villa with Wonderful Pacific Ocea...,4.5-Star Deluxe Villa,,4,3.5,10
https://www.cabovillas.com/properties.asp?PID=603,https://www.cabovillas.com/Properties/Villas/Villa_Esencia_Del_Mar/FULL/Villa_Esencia_Del_Mar-1.jpg?width=486,CABO SAN LUCAS,Villa Esencia Del Mar,Breathtaking Ocean Views & Modern Luxury,5.5-Star Luxury Villa,,4,3.5,10
https://www.cabovillas.com/properties.asp?PID=2,https://www.cabovillas.com/Properties/Villas/Villa_California/FULL/Villa_California-1.jpg?width=486,CABO SAN LUCAS,Villa California,Relaxing Escape with Views of Cabo San Lucas ...,4-Star Deluxe Villa,,5,6,10
https://www.cabovillas.com/properties.asp?PID=202,https://www.cabovillas.com/Properties/Villas/Villa_Penasco/FULL/Villa_Penasco-1.jpg?width=486,"CABO SAN LUCAS, OCEANFRONT",Villa Peñasco,Lavishly Appointed Villa Overlooking the Paci...,6+ -Star Platinum Villa,+,6,6+,14
https://www.cabovillas.com/properties.asp?PID=296,https://www.cabovillas.com/Properties/Villas/Villa_Ladrillo/FULL/Villa_Ladrillo-1.jpg?width=486,CABO SAN LUCAS,Villa Ladrillo,Great Cabo San Lucas Location & Pacific Ocean...,4-Star Deluxe Villa,,4,4,8
https://www.cabovillas.com/properties.asp?PID=512,https://www.cabovillas.com/Properties/Villas/Casa_Bella_Vista_by_Waldorf_Astoria_Los_Cabos_Pedregal/FULL/Casa_Bella_Vista_by_Waldorf_Astoria_Los_Cabos_Pedregal-1.jpg?width=486,CABO SAN LUCAS,Casa Bella Vista by Waldorf Astoria Los Cabos Pedregal,Gorgeous Marina & Bay Views with Luxury Resor...,6+ -Star Platinum Villa,+,3,3.5,7
https://www.cabovillas.com/properties.asp?PID=627,https://www.cabovillas.com/Properties/Villas/Tortuga_Bay_Penthouse_2401/FULL/Tortuga_Bay_Penthouse_2401-1.jpg?width=486,"SAN JOSÉ DEL CABO, OCEANFRONT, BEACHFRONT",Tortuga Bay Penthouse 2401,Beachfront Luxury with Sweeping Ocean Views,5-Star Luxury Villa,,3,3,6
https://www.cabovillas.com/properties.asp?PID=140,https://www.cabovillas.com/Properties/Villas/Villa_Marcella/FULL/Villa_Marcella-1.jpg?width=486,"CABO SAN LUCAS, OCEANFRONT, BEACHFRONT",Villa Marcella,Luxury Beach Front Estate,6-Star Premier Villa,,5,6.5,14
https://www.cabovillas.com/properties.asp?PID=622,https://www.cabovillas.com/Properties/Villas/Casa_Kay/FULL/Casa_Kay-1.jpg?width=486,SAN JOSÉ DEL CABO,Casa Kay,"Luxury, Golf & Ocean Views at Puerto Los Cabo...",5-Star Luxury Villa,,8,9,16
https://www.cabovillas.com/properties.asp?PID=608,https://www.cabovillas.com/Properties/Villas/Villa_Bella_Vida/FULL/Villa_Bella_Vida-1.jpg?width=486,SAN JOSÉ DEL CABO,Villa Bella Vida,Luxury & Ocean Views near Excellent Golf,5.5-Star Luxury Villa,,6,5.5,14
https://www.cabovillas.com/properties.asp?PID=629,https://www.cabovillas.com/Properties/Villas/Casa_Aqua_Blanca/FULL/Casa_Aqua_Blanca-1.jpg?width=486,CORRIDOR,Casa Aqua Blanca,Modern Luxury with Ocean Views & Waterslides ...,6-Star Premier Villa,,7,7,14
https://www.cabovillas.com/properties.asp?PID=79,https://www.cabovillas.com/Properties/Villas/Villa_las_Flores/FULL/Villa_las_Flores-1.jpg?width=486,CABO SAN LUCAS,Villa las Flores,Expansive Pacific Ocean Views & Elegant Style,6-Star Premier Villa,,7,7.5,18
https://www.cabovillas.com/properties.asp?PID=653,https://www.cabovillas.com/Properties/Villas/Villa_de_Lam/FULL/Villa_de_Lam-1.jpg?width=486,CABO SAN LUCAS,Villa de Lam,Spacious Modern Escape in Pedregal,5.5-Star Luxury Villa,,6,6,16
https://www.cabovillas.com/properties.asp?PID=641,https://www.cabovillas.com/Properties/Villas/Casa_JoJo/FULL/Casa_JoJo-1.jpg?width=486,CORRIDOR,Casa JoJo,Golf Course Views & Hacienda Style Luxury,6-Star Premier Villa,,7,7+,14
https://www.cabovillas.com/properties.asp?PID=666,https://www.cabovillas.com/Properties/Villas/Casa_Bellamar_de_Cabo_Colorado/FULL/Casa_Bellamar_de_Cabo_Colorado-1.jpg?width=486,CORRIDOR,Casa Bellamar de Cabo Colorado,"Luxury & Views, Walking Distance to Beach",6-Star Premier Villa,,4,4.5,10
https://www.cabovillas.com/properties.asp?PID=326,https://www.cabovillas.com/Properties/Villas/Villa_Buena_Vista/FULL/Villa_Buena_Vista-1.jpg?width=486,CABO SAN LUCAS,Villa Buena Vista,Captivating Pedregal Villa with Views of Mari...,4.5-Star Deluxe Villa,,4,4.5,10
https://www.cabovillas.com/properties.asp?PID=242,https://www.cabovillas.com/Properties/Villas/Villa_Cerca_del_Cielo/FULL/Villa_Cerca_del_Cielo-1.jpg?width=486,CABO SAN LUCAS,Villa Cerca del Cielo,A Taste of Heaven at this Ocean-View Villa in...,5-Star Luxury Villa,,6,6.5,12
https://www.cabovillas.com/properties.asp?PID=377,https://www.cabovillas.com/Properties/Villas/Casa_Cielo_at_Pedregal/FULL/Casa_Cielo_at_Pedregal-1.jpg?width=486,CABO SAN LUCAS,Casa Cielo at Pedregal,,6-Star Premier Villa,,10,11.5,20
https://www.cabovillas.com/properties.asp?PID=521,https://www.cabovillas.com/Properties/Villas/Villa_Perla/FULL/Villa_Perla-1.jpg?width=486,CABO SAN LUCAS,Villa Perla,An Amazing Ocean View Retreat Located in the ...,5-Star Luxury Villa,,5,5.5,14
https://www.cabovillas.com/properties.asp?PID=23,https://www.cabovillas.com/Properties/Villas/Villa_Grande/FULL/Villa_Grande-1.jpg?width=486,"CABO SAN LUCAS, OCEANFRONT",Villa Grande,Exquisite Mediterranean Style Villa with Swee...,6-Star Premier Villa,,6,7.5,14
https://www.cabovillas.com/properties.asp?PID=559,https://www.cabovillas.com/Properties/Villas/Villa_de_Suenos/FULL/Villa_de_Suenos-1.jpg?width=486,SAN JOSÉ DEL CABO,Villa de Sueños,Breathtaking Luxury Villa with Amazing Views,6-Star Premier Villa,,5,6.5,10
https://www.cabovillas.com/properties.asp?PID=225,https://www.cabovillas.com/Properties/Villas/Villa_Turquesa/FULL/Villa_Turquesa-1.jpg?width=486,"CABO SAN LUCAS, OCEANFRONT",Villa Turquesa,Spectacular Cliffside Platinum Villa Overlook...,6+ -Star Platinum Villa,+,10,11+,28
https://www.cabovillas.com/properties.asp?PID=227,https://www.cabovillas.com/Properties/Villas/Villa_de_la_Playa/FULL/Villa_de_la_Playa-1.jpg?width=486,"CORRIDOR, OCEANFRONT, BEACHFRONT",Villa de la Playa,Beachfront Pool Terrace Overlooking the Sea o...,5.5-Star Luxury Villa,,6,6.5,12
https://www.cabovillas.com/properties.asp?PID=541,https://www.cabovillas.com/Properties/Villas/Villa_Fiesta/FULL/Villa_Fiesta-1.jpg?width=486,CABO SAN LUCAS,Villa Fiesta,Relaxing Pedregal Villa - Just a Short Walk t...,4.5-Star Deluxe Villa,,5,5.5,10
https://www.cabovillas.com/properties.asp?PID=519,https://www.cabovillas.com/Properties/Villas/Villa_Mar_Azul/FULL/Villa_Mar_Azul-1.jpg?width=486,CABO SAN LUCAS,Villa Mar Azul,Views of The Bay & The Marina from this Priva...,4-Star Deluxe Villa,,3,3.5,8
https://www.cabovillas.com/properties.asp?PID=574,https://www.cabovillas.com/Properties/Villas/Villa_Colorado/FULL/Villa_Colorado-1.jpg?width=486,CABO SAN LUCAS,Villa Colorado,Walk to the Marina from this Impeccable Villa,4-Star Deluxe Villa,,3,2.5,7
https://www.cabovillas.com/properties.asp?PID=640,https://www.cabovillas.com/Properties/Villas/Villa_Perdiz/FULL/Villa_Perdiz-1.jpg?width=486,CORRIDOR,Villa Perdiz,Ocean Views on 7th Hole at The Cove,6-Star Premier Villa,,4,4,8
https://www.cabovillas.com/properties.asp?PID=468,https://www.cabovillas.com/Properties/Villas/The_Residences_at_Hacienda_Encantada/FULL/The_Residences_at_Hacienda_Encantada-1.jpg?width=486,CORRIDOR,The Residences at Hacienda Encantada,Perfect Combination of Villa Charm & Resort A...,5-Star Luxury Villa,,3,4.5,10
https://www.cabovillas.com/properties.asp?PID=581,https://www.cabovillas.com/Properties/Villas/Villa_Tanzanita_de_Law/FULL/Villa_Tanzanita_de_Law-1.jpg?width=486,CABO SAN LUCAS,Villa Tanzanita de Law,Spectacular Views and Modern Luxury,5.5-Star Luxury Villa,,9,9.5,28
https://www.cabovillas.com/properties.asp?PID=665,https://www.cabovillas.com/Properties/Villas/Residence_101_-_102_Playa_De_La_Paz/FULL/Residence_101_-_102_Playa_De_La_Paz-1.jpg?width=486,LA PAZ,Residence 101 - 102 Playa De La Paz,La Paz Luxury & Sea of Cortez Views,5-Star Luxury Villa,,4,6,10
https://www.cabovillas.com/properties.asp?PID=100,https://www.cabovillas.com/Properties/Villas/Villa_Agave_Azul/FULL/Villa_Agave_Azul-1.jpg?width=486,CORRIDOR,Villa Agave Azul,Hacienda Style Elegance - Golf & Ocean Views,5-Star Luxury Villa,,5,5.5,10
https://www.cabovillas.com/properties.asp?PID=628,https://www.cabovillas.com/Properties/Villas/Las_Olas_Penthouse_A501/FULL/Las_Olas_Penthouse_A501-1.jpg?width=486,"SAN JOSÉ DEL CABO, OCEANFRONT, BEACHFRONT",Las Olas Penthouse A501,Spectacular Views at Zipper's Beach,4-Star Deluxe Villa,,3,2,6
https://www.cabovillas.com/properties.asp?PID=378,https://www.cabovillas.com/Properties/Villas/Villa_Vista_del_Mar/FULL/Villa_Vista_del_Mar-1.jpg?width=486,"CORRIDOR, SAN JOSÉ DEL CABO",Villa Vista del Mar,Impressive Hillside Villa Boasting Gorgeous O...,5.5-Star Luxury Villa,,4,5.5,8
https://www.cabovillas.com/properties.asp?PID=173,https://www.cabovillas.com/Properties/Villas/Villa_Cortez/FULL/Villa_Cortez-1.jpg?width=486,"CORRIDOR, OCEANFRONT",Villa Cortez,Spacious Luxury Oceanfront Villa Steps to Gre...,6-Star Premier Villa,,5,6,10
https://www.cabovillas.com/properties.asp?PID=537,https://www.cabovillas.com/Properties/Villas/Villa_Danzeland/FULL/Villa_Danzeland-1.jpg?width=486,CABO SAN LUCAS,Villa Danzeland,Vibrant Pedregal Villa with Impressive Ocean ...,4.5-Star Deluxe Villa,,3,4,10
https://www.cabovillas.com/properties.asp?PID=657,https://www.cabovillas.com/Properties/Villas/Villa_Perla_Del_Mar/FULL/Villa_Perla_Del_Mar-1.jpg?width=486,"OCEANFRONT, EAST CAPE, BEACHFRONT, CABO PULMO",Villa Perla Del Mar,All-Inclusive Beachfront Luxury & Tranquility,6-Star Premier Villa,,5,6,10
https://www.cabovillas.com/properties.asp?PID=606,https://www.cabovillas.com/Properties/Villas/Casa_78_at_Copala_Quivira/FULL/Casa_78_at_Copala_Quivira-1.jpg?width=486,CABO SAN LUCAS,Casa 78 at Copala Quivira,Ocean Views & Luxury at Copola Quivira,4-Star Deluxe Villa,,4,4+,8
https://www.cabovillas.com/properties.asp?PID=632,https://www.cabovillas.com/Properties/Villas/Villa_Aurora/FULL/Villa_Aurora-1.jpg?width=486,CABO SAN LUCAS,Villa Aurora,Panoramic Views & Magnificent Hilltop Luxury,6+ -Star Platinum Villa,+,7,7.5,22
https://www.cabovillas.com/properties.asp?PID=642,https://www.cabovillas.com/Properties/Villas/Casa_Corona/FULL/Casa_Corona-1.jpg?width=486,CORRIDOR,Casa Corona,"Luxury, Golf & Ocean Views at Cabo del Sol",6-Star Premier Villa,,5,5.5,10
https://www.cabovillas.com/properties.asp?PID=220,https://www.cabovillas.com/Properties/Villas/Casa_Margaritas/FULL/Casa_Margaritas-1.jpg?width=486,CORRIDOR,Casa Margaritas,Ocean-View Retreat in Santa Carmela,5.5-Star Luxury Villa,,5,5,12
https://www.cabovillas.com/properties.asp?PID=9,https://www.cabovillas.com/Properties/Villas/Villa_Carolina/FULL/Villa_Carolina-1.jpg?width=486,CABO SAN LUCAS,Villa Carolina,Walk to Town from This Lovely Vacation Villa,4-Star Deluxe Villa,,3,3.5,6
https://www.cabovillas.com/properties.asp?PID=663,https://www.cabovillas.com/Properties/Villas/Casa_Santos/FULL/Casa_Santos-1.jpg?width=486,CABO SAN LUCAS,Casa Santos,Spacious Pedregal Villa with Stunning Ocean V...,5-Star Luxury Villa,,5,6,14
https://www.cabovillas.com/properties.asp?PID=86,https://www.cabovillas.com/Properties/Villas/Villa_Pacifica/FULL/Villa_Pacifica-1.jpg?width=486,"CABO SAN LUCAS, OCEANFRONT, BEACHFRONT",Villa Pacifica,Extravagant Luxury Retreat on Pedregal Beach,6+ -Star Platinum Villa,+,5,4.5,10
https://www.cabovillas.com/properties.asp?PID=515,https://www.cabovillas.com/Properties/Villas/Villa_Victoria/FULL/Villa_Victoria-1.jpg?width=486,CABO SAN LUCAS,Villa Victoria,Walk to Downtown & the Marina from This Stunn...,4.5-Star Deluxe Villa,,6,6,14
https://www.cabovillas.com/properties.asp?PID=662,https://www.cabovillas.com/Properties/Villas/Villa_Loretta/FULL/Villa_Loretta-1.jpg?width=486,CABO SAN LUCAS,Villa Loretta,Walk to Downtown Cabo Shops & Dining,4.5-Star Deluxe Villa,,3,3.5,8
https://www.cabovillas.com/properties.asp?PID=461,https://www.cabovillas.com/Properties/Villas/Villa_Las_Rocas/FULL/Villa_Las_Rocas-1.jpg?width=486,"CORRIDOR, OCEANFRONT, BEACHFRONT",Villa Las Rocas,One-Of-A-Kind Lush Tropical Beachfront Estate...,6-Star Premier Villa,,7,8.5,22
https://www.cabovillas.com/properties.asp?PID=651,https://www.cabovillas.com/Properties/Villas/Villa_Hector/FULL/Villa_Hector-1.jpg?width=486,CABO SAN LUCAS,Villa Hector,Modern Cabo Luxury in Heart of Downtown,5-Star Luxury Villa,,9,9.5,19
https://www.cabovillas.com/properties.asp?PID=661,https://www.cabovillas.com/Properties/Villas/Villa_Diamante_de_Law/FULL/Villa_Diamante_de_Law-1.jpg?width=486,CORRIDOR,Villa Diamante de Law,Modern Luxury & Stunning Ocean Views,5.5-Star Luxury Villa,,6,6,14
https://www.cabovillas.com/properties.asp?PID=158,https://www.cabovillas.com/Properties/Villas/Villa_Stein/FULL/Villa_Stein-1.jpg?width=486,CABO SAN LUCAS,Villa Stein,Elegant Vacation Villa in Pedregal,4.5-Star Deluxe Villa,,4,4.5,8
https://www.cabovillas.com/properties.asp?PID=654,https://www.cabovillas.com/Properties/Villas/Villa_Serena/FULL/Villa_Serena-1.jpg?width=486,SAN JOSÉ DEL CABO,Villa Serena,Elegant Ranch-Style Home with Excellent Locat...,5-Star Luxury Villa,,4,5,9
https://www.cabovillas.com/properties.asp?PID=660,https://www.cabovillas.com/Properties/Villas/Villa_Maria/FULL/Villa_Maria-1.jpg?width=486,CABO SAN LUCAS,Villa Maria,Beautiful Traditional Villa Close to Cabo Attr...,4-Star Deluxe Villa,,3,3,8
https://www.cabovillas.com/properties.asp?PID=588,https://www.cabovillas.com/Properties/Villas/Casa_Del_Amor/FULL/Casa_Del_Amor-1.jpg?width=486,CABO SAN LUCAS,Casa Del Amor,Luxurious Hillside Villa with Magnificent Oce...,6-Star Premier Villa,,4,6,10
https://www.cabovillas.com/properties.asp?PID=639,https://www.cabovillas.com/Properties/Villas/Villa_Del_Sol/FULL/Villa_Del_Sol-1.jpg?width=486,CORRIDOR,Villa Del Sol,A Stunning Vacation Retreat with Exquisite O...,5.5-Star Luxury Villa,,5,5.5,10
https://www.cabovillas.com/properties.asp?PID=240,https://www.cabovillas.com/Properties/Villas/Casa_Stephens/FULL/Casa_Stephens-1.jpg?width=486,"CORRIDOR, OCEANFRONT",Casa Stephens,Stunning Oceanfront Villa Overlooking the Sea...,6-Star Premier Villa,,7,7.5,14
https://www.cabovillas.com/properties.asp?PID=625,https://www.cabovillas.com/Properties/Villas/Villa_White_Diamond/FULL/Villa_White_Diamond-1.jpg?width=486,SAN JOSÉ DEL CABO,Villa White Diamond,Luxurious Style Near Excellent Golf & Beach,5.5-Star Luxury Villa,,4,5,10
https://www.cabovillas.com/properties.asp?PID=652,https://www.cabovillas.com/Properties/Villas/Villa_Joya_de_Law/FULL/Villa_Joya_de_Law-1.jpg?width=486,CABO SAN LUCAS,Villa Joya de Law,Contemporary Luxury with Mesmerizing Ocean Vi...,5.5-Star Luxury Villa,,3,3.5,8
https://www.cabovillas.com/properties.asp?PID=614,https://www.cabovillas.com/Properties/Villas/Villa_Vista_Azul/FULL/Villa_Vista_Azul-1.jpg?width=486,"CORRIDOR, OCEANFRONT",Villa Vista Azul,Modern Oceanfront Luxury at Punta Ballena,5.5-Star Luxury Villa,,5,5,10
https://www.cabovillas.com/properties.asp?PID=244,https://www.cabovillas.com/Properties/Villas/Villa_de_Los_Faros/FULL/Villa_de_Los_Faros-1.jpg?width=486,"CORRIDOR, OCEANFRONT",Villa de Los Faros,Stunning Ocean-View Villa on the Corridor,5.5-Star Luxury Villa,,5,5.5,10
https://www.cabovillas.com/properties.asp?PID=582,https://www.cabovillas.com/Properties/Villas/Villa_Diamante_Del_Sol/FULL/Villa_Diamante_Del_Sol-1.jpg?width=486,CABO SAN LUCAS,Villa Diamante Del Sol,Ocean View Designer Villa in Upscale Pedregal,6-Star Premier Villa,,7,7.5,18
https://www.cabovillas.com/properties.asp?PID=668,https://www.cabovillas.com/Properties/Villas/Casa_Kash/FULL/Casa_Kash-1.jpg?width=486,CABO SAN LUCAS,Casa Kash,Gorgeous Pedregal with Sweeping Ocean & Harb...,5.5-Star Luxury Villa,,5,5.5,12
https://www.cabovillas.com/properties.asp?PID=601,https://www.cabovillas.com/Properties/Villas/Villa_Rosa/FULL/Villa_Rosa-1.jpg?width=486,CABO SAN LUCAS,Villa Rosa,Breathtaking Ocean-View Escape in Pedregal,5-Star Luxury Villa,,3,3,6
https://www.cabovillas.com/properties.asp?PID=549,https://www.cabovillas.com/Properties/Villas/Villa_Opalo_de_Law/FULL/Villa_Opalo_de_Law-1.jpg?width=486,CORRIDOR,Villa Ópalo de Law,This Luxury Retreat Offers Spectacular Ocean ...,5.5-Star Luxury Villa,,7,7.5,16
https://www.cabovillas.com/properties.asp?PID=638,https://www.cabovillas.com/Properties/Villas/Villa_West/FULL/Villa_West-1.jpg?width=486,CORRIDOR,Villa West,Modern Luxury & Golf on the Corridor,5.5-Star Luxury Villa,,4,4.5,8
https://www.cabovillas.com/properties.asp?PID=517,https://www.cabovillas.com/Properties/Villas/Casa_Las_Rocas/FULL/Casa_Las_Rocas-1.jpg?width=486,"CORRIDOR, OCEANFRONT, BEACHFRONT",Casa Las Rocas,Private Beachfront Paradise in Corridor,6+ -Star Platinum Villa,+,10,10.5,26
https://www.cabovillas.com/properties.asp?PID=635,https://www.cabovillas.com/Properties/Villas/Casa_Sahuaro/FULL/Casa_Sahuaro-1.jpg?width=486,CABO SAN LUCAS,Casa Sahuaro,Elegant Hillside Villa with Jacuzzi & Ocean View,5-Star Luxury Villa,,3,3.5,7
https://www.cabovillas.com/properties.asp?PID=659,https://www.cabovillas.com/Properties/Villas/Villa_Estrella_de_Mar/FULL/Villa_Estrella_de_Mar-1.jpg?width=486,"CORRIDOR, OCEANFRONT, BEACHFRONT",Villa Estrella de Mar,Stunning Beachfront Luxury,6+ -Star Platinum Villa,+,10,11,20
https://www.cabovillas.com/properties.asp?PID=667,https://www.cabovillas.com/Properties/Villas/Villa_Delfines/FULL/Villa_Delfines-1.jpg?width=486,"CORRIDOR, OCEANFRONT, BEACHFRONT",Villa Delfines,Beachfront Bliss on the East Cape,6-Star Premier Villa,,6,6.5,12
https://www.cabovillas.com/properties.asp?PID=552,https://www.cabovillas.com/Properties/Villas/Villa_Luces_Del_Mar/FULL/Villa_Luces_Del_Mar-1.jpg?width=486,"CORRIDOR, OCEANFRONT",Villa Luces Del Mar,Stunning Modern Luxury Overlooking the Sea of...,6-Star Premier Villa,,5,5.5,12
https://www.cabovillas.com/properties.asp?PID=631,https://www.cabovillas.com/Properties/Villas/Villa_Salina_Del_Mar/FULL/Villa_Salina_Del_Mar-1.jpg?width=486,"CORRIDOR, OCEANFRONT, BEACHFRONT",Villa Salina Del Mar,Beachfront Luxury & Ocean Vistas,6-Star Premier Villa,,4,4,10
https://www.cabovillas.com/properties.asp?PID=578,https://www.cabovillas.com/Properties/Villas/Villa_Alegria_del_Arrecife/FULL/Villa_Alegria_del_Arrecife-1.jpg?width=486,"SAN JOSÉ DEL CABO, OCEANFRONT, BEACHFRONT",Villa Alegria del Arrecife,Cabo Luxury with Direct Beach Access,5.5-Star Luxury Villa,,4,4.5,10
https://www.cabovillas.com/properties.asp?PID=613,https://www.cabovillas.com/Properties/Villas/Casa_de_los_Gatos/FULL/Casa_de_los_Gatos-1.jpg?width=486,CABO SAN LUCAS,Casa de los Gatos,Elegant Vacation Retreat in Pedregal Heights,5-Star Luxury Villa,,6,6.5,12
https://www.cabovillas.com/properties.asp?PID=634,https://www.cabovillas.com/Properties/Villas/Casa_Puma/FULL/Casa_Puma-1.jpg?width=486,CABO SAN LUCAS,Casa Puma,Captivating Ocean Views & Pedregal Luxury,5.5-Star Luxury Villa,,6,6.5,12
https://www.cabovillas.com/properties.asp?PID=636,https://www.cabovillas.com/Properties/Villas/Villa_Yvonne/FULL/Villa_Yvonne-1.jpg?width=486,CABO SAN LUCAS,Villa Yvonne,Short Walk to Pedregal Beach & Spectacular O...,5-Star Luxury Villa,,4,4.5,9
https://www.cabovillas.com/properties.asp?PID=633,https://www.cabovillas.com/Properties/Villas/Villa_Marys/FULL/Villa_Marys-1.jpg?width=486,CORRIDOR,Villa Marys,Exceptional Views from this Corridor Villa,5-Star Luxury Villa,,3,3.5,6
https://www.cabovillas.com/properties.asp?PID=615,https://www.cabovillas.com/Properties/Villas/Casa_Luna/FULL/Casa_Luna-1.jpg?width=486,CORRIDOR,Casa Luna,Spectacular Ocean & Golf View Estate on the C...,5.5-Star Luxury Villa,,4,4.5,10
https://www.cabovillas.com/properties.asp?PID=647,https://www.cabovillas.com/Properties/Villas/Diamante_Estate_89/FULL/Diamante_Estate_89-1.jpg?width=486,CABO SAN LUCAS,Diamante Estate 89,Dunes Course Views & Elegant Style at Diamante,4.5-Star Deluxe Villa,,3,3,6
https://www.cabovillas.com/properties.asp?PID=626,https://www.cabovillas.com/Properties/Villas/Casa_Rio/FULL/Casa_Rio-1.jpg?width=486,CORRIDOR,Casa Rio,Quaint & Charming Luxury Hacienda with Views,5-Star Luxury Villa,,3,3,6
https://www.cabovillas.com/properties.asp?PID=337,https://www.cabovillas.com/Properties/Villas/Villa_Los_Arcos/FULL/Villa_Los_Arcos-1.jpg?width=486,"CORRIDOR, SAN JOSÉ DEL CABO",Villa Los Arcos,Mediterranean Style Ocean View Villa with Pool,4.5-Star Deluxe Villa,,3,2.5,6
https://www.cabovillas.com/properties.asp?PID=630,https://www.cabovillas.com/Properties/Villas/Villa_La_Punta_1/FULL/Villa_La_Punta_1-1.jpg?width=486,"CORRIDOR, OCEANFRONT",Villa La Punta 1,Palmilla Oceanfront Luxury with Dramatic View...,6-Star Premier Villa,,4,4.5,8
https://www.cabovillas.com/properties.asp?PID=644,https://www.cabovillas.com/Properties/Villas/Villa_Mariana/FULL/Villa_Mariana-1.jpg?width=486,CORRIDOR,Villa Mariana,Quiet Privacy & Sweeping Ocean Vistas,5-Star Luxury Villa,,4,4.5,10
https://www.cabovillas.com/properties.asp?PID=607,https://www.cabovillas.com/Properties/Villas/Villa_Nicholas/FULL/Villa_Nicholas-1.jpg?width=486,CABO SAN LUCAS,Villa Nicholas,Charming Pedregal Escape with Jacuzzi,4-Star Deluxe Villa,,2,2,4
https://www.cabovillas.com/properties.asp?PID=644,https://www.cabovillas.com/Properties/Villas/Villa_Mariana/FULL/Villa_Mariana-1.jpg?width=486,CORRIDOR,Villa Mariana,Quiet Privacy & Sweeping Ocean Vistas,5-Star Luxury Villa,,4,4.5,10
https://www.cabovillas.com/properties.asp?PID=528,https://www.cabovillas.com/Properties/Villas/Villa_Tequila/FULL/Villa_Tequila-1.jpg?width=486,CABO SAN LUCAS,Villa Tequila,Exquisite Pedregal Villa with Panoramic Views...,4.5-Star Deluxe Villa,,3,3.5,6
https://www.cabovillas.com/properties.asp?PID=645,https://www.cabovillas.com/Properties/Villas/Villa_Arrecife_5/FULL/Villa_Arrecife_5-1.jpg?width=486,CORRIDOR,Villa Arrecife 5,Luxury on the 5th Fairway at Puerto Los Cabo...,5-Star Luxury Villa,,3,3.5,6
https://www.cabovillas.com/properties.asp?PID=664,https://www.cabovillas.com/Properties/Villas/Casa_Mirasol/FULL/Casa_Mirasol-1.jpg?width=486,CABO SAN LUCAS,Casa Mirasol,Modern Tropical Luxury with Excellent Views,5-Star Luxury Villa,,4,4.5,8
https://www.cabovillas.com/properties.asp?PID=617,https://www.cabovillas.com/Properties/Villas/Villa_Esperanza/FULL/Villa_Esperanza-1.jpg?width=486,CABO SAN LUCAS,Villa Esperanza,Contemporary Luxury in Prime Pedregal Location,5-Star Luxury Villa,,5,5.5,10
https://www.cabovillas.com/properties.asp?PID=643,https://www.cabovillas.com/Properties/Villas/Villa_Helena/FULL/Villa_Helena-1.jpg?width=486,CORRIDOR,Villa Helena,Ocean-View Luxury in Puerto Los Cabos,5-Star Luxury Villa,,3,3.5,8
https://www.cabovillas.com/properties.asp?PID=612,https://www.cabovillas.com/Properties/Villas/Villa_Penelope/FULL/Villa_Penelope-1.jpg?width=486,CORRIDOR,Villa Penelope,Elegant Design & Panoramic Ocean Views,5-Star Luxury Villa,,4,4.5,8
https://www.cabovillas.com/properties.asp?PID=619,https://www.cabovillas.com/Properties/Villas/Casa_Dulce_Corazon/FULL/Casa_Dulce_Corazon-1.jpg?width=486,CORRIDOR,Casa Dulce Corazón,Prime Location & Ocean-View Luxury,5-Star Luxury Villa,,3,3.5,6
https://www.cabovillas.com/properties.asp?PID=621,https://www.cabovillas.com/Properties/Villas/Villa_Jasmine/FULL/Villa_Jasmine-1.jpg?width=486,CORRIDOR,Villa Jasmine,World-Class Views & Impeccable Contemporary...,5-Star Luxury Villa,,3,3.5,8
https://www.cabovillas.com/properties.asp?PID=618,https://www.cabovillas.com/Properties/Villas/Villa_Granada/FULL/Villa_Granada-1.jpg?width=486,CORRIDOR,Villa Granada,Elegant Retreat with Sweeping Sea Views,5-Star Luxury Villa,,3,3.5,8
https://www.cabovillas.com/properties.asp?PID=637,https://www.cabovillas.com/Properties/Villas/Villa_Zara/FULL/Villa_Zara-1.jpg?width=486,CORRIDOR,Villa Zara,Modern Ocean View in Puerto Los Cabos,4.5-Star Deluxe Villa,,3,3.5,8
https://www.cabovillas.com/properties.asp?PID=611,https://www.cabovillas.com/Properties/Villas/Villa_Oceano/FULL/Villa_Oceano-1.jpg?width=486,"CORRIDOR, OCEANFRONT",Villa Oceano,Oceanfront Luxury & Modern Style,6-Star Premier Villa,,5,5.5,10
https://www.cabovillas.com/properties.asp?PID=499,https://www.cabovillas.com/Properties/Villas/Villa_de_Tres_Hermanas/FULL/Villa_de_Tres_Hermanas-1.jpg?width=486,"CORRIDOR, OCEANFRONT",Villa de Tres Hermanas,Magnificent Oceanfront Luxury & Incredible V...,6-Star Premier Villa,,5,5.5,10
https://www.cabovillas.com/properties.asp?PID=648,https://www.cabovillas.com/Properties/Villas/Villa_del_Amanecer/FULL/Villa_del_Amanecer-1.jpg?width=486,CABO SAN LUCAS,Villa del Amanecer,Dramatic Pacific Ocean Views & Modern Luxury,5-Star Luxury Villa,,5,6,10
https://www.cabovillas.com/properties.asp?PID=650,https://www.cabovillas.com/Properties/Villas/Hacienda_de_la_Cruz/FULL/Hacienda_de_la_Cruz-1.jpg?width=486,"CORRIDOR, OCEANFRONT",Hacienda de la Cruz,Dramatic Ocean Views & Hacienda Style Luxury,6-Star Premier Villa,,7,7.5,14
https://www.cabovillas.com/properties.asp?PID=649,https://www.cabovillas.com/Properties/Villas/Villa_Gran_Vista/FULL/Villa_Gran_Vista-1.jpg?width=486,CABO SAN LUCAS,Villa Gran Vista,Dramatic Ocean Views from Pedregal Heights,5-Star Luxury Villa,,5,6.5,12
https://www.cabovillas.com/properties.asp?PID=646,https://www.cabovillas.com/Properties/Villas/Villa_Patricia/FULL/Villa_Patricia-1.jpg?width=486,CABO SAN LUCAS,Villa Patricia,Contemporary Comfort Near Pedregal Beach,5-Star Luxury Villa,,4,3.5,8
https://www.cabovillas.com/properties.asp?PID=655,https://www.cabovillas.com/Properties/Villas/Villa_Miramar/FULL/Villa_Miramar-1.jpg?width=486,"CORRIDOR, OCEANFRONT",Villa Miramar,Dramatic Oceanfront Views & Contemporary Ele...,6-Star Premier Villa,,5,5,10
https://www.cabovillas.com/properties.asp?PID=656,https://www.cabovillas.com/Properties/Villas/Villa_Paloma_Blanca/FULL/Villa_Paloma_Blanca-1.jpg?width=486,"CORRIDOR, OCEANFRONT",Villa Paloma Blanca,Contemporary Oceanfront Style at Querencia,6-Star Premier Villa,,5,5.5,10
https://www.cabovillas.com/properties.asp?PID=509,https://www.cabovillas.com/Properties/Villas/Casa_Theodora/FULL/Casa_Theodora-1.jpg?width=486,"CORRIDOR, OCEANFRONT",Casa Theodora,Opulent Beachfront Masterpiece with Incredib...,6+ -Star Platinum Villa,+,7,9.5,16
https://www.cabovillas.com/properties.asp?PID=658,https://www.cabovillas.com/Properties/Villas/Casa_Oasis/FULL/Casa_Oasis-1.jpg?width=486,CABO SAN LUCAS,Casa Oasis,Walk to Downtown & the Marina from this Priva...,4.5-Star Deluxe Villa,,3,3.5,7
https://www.cabovillas.com/properties.asp?PID=669,https://www.cabovillas.com/Properties/Villas/Villa_Cascada/FULL/Villa_Cascada-1.jpg?width=486,"CORRIDOR, OCEANFRONT",Villa Cascada,Spectacular Ocean Views in Puerto Los Cabos,5.5-Star Luxury Villa,,4,4.5,8
https://www.cabovillas.com/properties.asp?PID=670,https://www.cabovillas.com/Properties/Villas/Villa_Tomas/FULL/Villa_Tomas-1.jpg?width=486,CABO SAN LUCAS,Villa Tomas,Ocean Views & a Premium Location in Pedregal,5-Star Luxury Villa,,4,5,10
https://www.cabovillas.com/properties.asp?PID=672,https://www.cabovillas.com/Properties/Villas/Villa_Acero/FULL/Villa_Acero-1.jpg?width=486,CABO SAN LUCAS,Villa Acero,Modern Ocean View Luxury in Pedregal,5.5-Star Luxury Villa,,4,4.5,10
https://www.cabovillas.com/properties.asp?PID=671,https://www.cabovillas.com/Properties/Villas/Villa_Amanecer/FULL/Villa_Amanecer-1.jpg?width=486,CORRIDOR,Villa Amanecer,Contemporary Luxury with Mesmerizing Views,5-Star Luxury Villa,,5,5,10
https://www.cabovillas.com/properties.asp?PID=673,https://www.cabovillas.com/Properties/Villas/Villa_Plata/FULL/Villa_Plata-1.jpg?width=486,CABO SAN LUCAS,Villa Plata,Modern Pedregal Luxury with Ocean View,5-Star Luxury Villa,,3,3.5,6
https://www.cabovillas.com/properties.asp?PID=674,https://www.cabovillas.com/Properties/Villas/Villa_Azul/FULL/Villa_Azul-1.jpg?width=486,CABO SAN LUCAS,Villa Azul,Pedregal Heights & Ocean Views,5-Star Luxury Villa,,3,3.5,8
https://www.cabovillas.com/properties.asp?PID=675,https://www.cabovillas.com/Properties/Villas/Villa_Primavera/FULL/Villa_Primavera-1.jpg?width=486,CABO SAN LUCAS,Villa Primavera,Enchanting Pedregal Villa with Ocean View,5-Star Luxury Villa,,5,6,13
https://www.cabovillas.com/properties.asp?PID=677,https://www.cabovillas.com/Properties/Villas/Villa_Miguel/FULL/Villa_Miguel-1.jpg?width=486,CABO SAN LUCAS,Villa Miguel,Stylish Contemporary Luxury in Pedregal,5.5-Star Luxury Villa,,4,5,10
https://www.cabovillas.com/properties.asp?PID=676,https://www.cabovillas.com/Properties/Villas/Villa_Punta_Vista/FULL/Villa_Punta_Vista-1.jpg?width=486,"CORRIDOR, OCEANFRONT",Villa Punta Vista,Stunning Ocean View Contemporary in Puerto Lo...,5.5-Star Luxury Villa,,4,4.5,8
https://www.cabovillas.com/properties.asp?PID=678,https://www.cabovillas.com/Properties/Villas/Punta_Ballena_302/FULL/Punta_Ballena_302-1.jpg?width=486,"CORRIDOR, OCEANFRONT",Punta Ballena 302,Exceptional Style & Ocean Views at Punta Bal...,5.5-Star Luxury Villa,,3,3.5,8
https://www.cabovillas.com/properties.asp?PID=684,https://www.cabovillas.com/Properties/Villas/Casa_Stella/FULL/Casa_Stella-1.jpg?width=486,CABO SAN LUCAS,Casa Stella,Designer Luxury with Ocean View in Pedregal,5-Star Luxury Villa,,6,7,14
https://www.cabovillas.com/properties.asp?PID=681,https://www.cabovillas.com/Properties/Villas/Villa_Descanso/FULL/Villa_Descanso-1.jpg?width=486,CABO SAN LUCAS,Villa Descanso,Outstanding Pacific Views & Modern Luxury,5.5-Star Luxury Villa,,6,6.5,12
https://www.cabovillas.com/properties.asp?PID=681,https://www.cabovillas.com/Properties/Villas/Villa_Descanso/FULL/Villa_Descanso-1.jpg?width=486,CABO SAN LUCAS,Villa Descanso,Outstanding Pacific Views & Modern Luxury,5.5-Star Luxury Villa,,6,6.5,12
https://www.cabovillas.com/properties.asp?PID=680,https://www.cabovillas.com/Properties/Villas/Villa_Sebastian/FULL/Villa_Sebastian-1.jpg?width=486,CABO SAN LUCAS,Villa Sebastian,Contemporary Luxury in Pedregal,5-Star Luxury Villa,,4,5,10
https://www.cabovillas.com/properties.asp?PID=682,https://www.cabovillas.com/Properties/Villas/Villa_Dorada/FULL/Villa_Dorada-1.jpg?width=486,CABO SAN LUCAS,Villa Dorada,Beautiful Ocean View Villa in Pedregal,5-Star Luxury Villa,,5,5.5,10
https://www.cabovillas.com/properties.asp?PID=683,https://www.cabovillas.com/Properties/Villas/Villa_Del_Cabo/FULL/Villa_Del_Cabo-1.jpg?width=486,CABO SAN LUCAS,Villa Del Cabo,Modern Hacienda-Style Elegance with Ocean Vi...,5-Star Luxury Villa,,3,3.5,8
https://www.cabovillas.com/properties.asp?PID=686,https://www.cabovillas.com/Properties/Villas/Villa_Linda/FULL/Villa_Linda-1.jpg?width=486,CABO SAN LUCAS,Villa Linda,Marina & Bay Views from Pedregal,5-Star Luxury Villa,,5,5.5,10
https://www.cabovillas.com/properties.asp?PID=686,https://www.cabovillas.com/Properties/Villas/Villa_Linda/FULL/Villa_Linda-1.jpg?width=486,CABO SAN LUCAS,Villa Linda,Marina & Bay Views from Pedregal,5-Star Luxury Villa,,5,5.5,10
https://www.cabovillas.com/properties.asp?PID=687,https://www.cabovillas.com/Properties/Villas/Villa_Fuente_De_Esperanza/FULL/Villa_Fuente_De_Esperanza-1.jpg?width=486,CABO SAN LUCAS,Villa Fuente De Esperanza,Contemporary Elegance with Marina Views,5-Star Luxury Villa,,3,3.5,8
https://www.cabovillas.com/properties.asp?PID=685,https://www.cabovillas.com/Properties/Villas/Casa_Antigua/FULL/Casa_Antigua-1.jpg?width=486,CABO SAN LUCAS,Casa Antigua,Elegant Villa with Views in Pedregal,5-Star Luxury Villa,,4,4.5,8
https://www.cabovillas.com/properties.asp?PID=679,https://www.cabovillas.com/Properties/Villas/Villa_Veranza/FULL/Villa_Veranza-1.jpg?width=486,CABO SAN LUCAS,Villa Veranza,Contemporary Elegance with Ocean View,5-Star Luxury Villa,,6,6.5,12
https://www.cabovillas.com/properties.asp?PID=688,https://www.cabovillas.com/Properties/Villas/Villa_Sirena/FULL/Villa_Sirena-1.jpg?width=486,"CORRIDOR, OCEANFRONT, BEACHFRONT",Villa Sirena,Beachfront Elegance & Spectacular Ocean Vistas,6-Star Premier Villa,,5,6,10
https://www.cabovillas.com/properties.asp?PID=689,https://www.cabovillas.com/Properties/Villas/Casa_Ensueno/FULL/Casa_Ensueno-1.jpg?width=486,"CORRIDOR, OCEANFRONT",Casa Ensueño,Oceanfront Luxury & Spectacular Views,6-Star Premier Villa,,6,6,12
https://www.cabovillas.com/properties.asp?PID=690,https://www.cabovillas.com/Properties/Villas/Villa_Good_Life/FULL/Villa_Good_Life-1.jpg?width=486,"CORRIDOR, OCEANFRONT",Villa Good Life,Exceptional Oceanfront Villa with Sweeping V...,6+ -Star Platinum Villa,+,5,6,12
https://www.cabovillas.com/properties.asp?PID=691,https://www.cabovillas.com/Properties/Villas/Villa_Las_Piedras/FULL/Villa_Las_Piedras-1.jpg?width=486,"CORRIDOR, OCEANFRONT",Villa Las Piedras,Contemporary Oceanfront Luxury,6-Star Premier Villa,,5,5.5,10
https://www.cabovillas.com/properties.asp?PID=692,https://www.cabovillas.com/Properties/Villas/La_Caleta_Palmilla/FULL/La_Caleta_Palmilla-1.jpg?width=486,"CORRIDOR, OCEANFRONT",La Caleta Palmilla,Luxury & Ocean Views in Palmilla,6-Star Premier Villa,,5,5.5,10
https://www.cabovillas.com/properties.asp?PID=693,https://www.cabovillas.com/Properties/Villas/Casa_Naah_Payil/FULL/Casa_Naah_Payil-1.jpg?width=486,"CORRIDOR, OCEANFRONT",Casa Naah Payil,Majestic Ocean-View Estate with Luxury Ameni...,6-Star Premier Villa,,6,7.5,16
https://www.cabovillas.com/properties.asp?PID=694,https://www.cabovillas.com/Properties/Villas/Penthouse_La_Laguna/FULL/Penthouse_La_Laguna-1.jpg?width=486,"SAN JOSÉ DEL CABO, OCEANFRONT",Penthouse La Laguna,Spectacular Ocean Views & Resort-Style Luxury,5-Star Luxury Villa,,3,3.5,6
https://www.cabovillas.com/properties.asp?PID=695,https://www.cabovillas.com/Properties/Villas/Villa_Paraiso_Del_Mar/FULL/Villa_Paraiso_Del_Mar-1.jpg?width=486,"CORRIDOR, OCEANFRONT, BEACHFRONT",Villa Paraiso Del Mar,Stunning Beachfront Luxury Estate,6+ -Star Platinum Villa,+,8,8.5,16
https://www.cabovillas.com/properties.asp?PID=696,https://www.cabovillas.com/Properties/Villas/Villa_Patron/FULL/Villa_Patron-1.jpg?width=486,CABO SAN LUCAS,Villa Patron,Sensational Ocean-View Luxury in Pedregal,6-Star Premier Villa,,6,6,12
https://www.cabovillas.com/properties.asp?PID=697,https://www.cabovillas.com/Properties/Villas/Villa_Buena_Vida/FULL/Villa_Buena_Vida-1.jpg?width=486,"CORRIDOR, OCEANFRONT",Villa Buena Vida,Contemporary Luxury with Spectacular Sea Vie...,6-Star Premier Villa,,5,6,10
https://www.cabovillas.com/properties.asp?PID=698,https://www.cabovillas.com/Properties/Villas/Villa_Azure/FULL/Villa_Azure-1.jpg?width=486,"CORRIDOR, OCEANFRONT",Villa Azure,Exquisite Oceanfront Luxury,6-Star Premier Villa,,5,5.5,12
https://www.cabovillas.com/properties.asp?PID=699,https://www.cabovillas.com/Properties/Villas/Villa_Cielito/FULL/Villa_Cielito-1.jpg?width=486,"CORRIDOR, OCEANFRONT, BEACHFRONT",Villa Cielito,Beachfront Paradise at Chileno Bay,6+ -Star Platinum Villa,+,6,6.5,12
https://www.cabovillas.com/properties.asp?PID=700,https://www.cabovillas.com/Properties/Villas/Beachfront_Villa_18/FULL/Beachfront_Villa_18-1.jpg?width=486,"CORRIDOR, OCEANFRONT, BEACHFRONT",Beachfront Villa 18,Elegance & Beachfront Luxury,6+ -Star Platinum Villa,+,6,6.5,14
https://www.cabovillas.com/properties.asp?PID=701,https://www.cabovillas.com/Properties/Villas/Villa_Maria_Teresa/FULL/Villa_Maria_Teresa-1.jpg?width=486,"CORRIDOR, OCEANFRONT",Villa Maria Teresa,Dramatic Pacific Ocean View Estate,6-Star Premier Villa,,5,5.5,10
https://www.cabovillas.com/properties.asp?PID=702,https://www.cabovillas.com/Properties/Villas/Casa_Stella_Los_Cabos/FULL/Casa_Stella_Los_Cabos-1.jpg?width=486,"CORRIDOR, OCEANFRONT",Casa Stella Los Cabos,Magnificent Ocean-View Luxury Villa,6-Star Premier Villa,,4,4.5,10
https://www.cabovillas.com/properties.asp?PID=703,https://www.cabovillas.com/Properties/Villas/Villa_Esperanza_Sur/FULL/Villa_Esperanza_Sur-1.jpg?width=486,"CORRIDOR, OCEANFRONT",Villa Esperanza Sur,Spectacular Oceanfront Estate with Breathtak...,6+ -Star Platinum Villa,+,5,6,12
https://www.cabovillas.com/properties.asp?PID=704,https://www.cabovillas.com/Properties/Villas/Villa_Encantada/FULL/Villa_Encantada-1.jpg?width=486,"CORRIDOR, OCEANFRONT",Villa Encantada,Dramatic Ocean-View Luxury in Punta Ballena,6-Star Premier Villa,,4,5,12
https://www.cabovillas.com/properties.asp?PID=705,https://www.cabovillas.com/Properties/Villas/Villa_Terraza_371/FULL/Villa_Terraza_371-1.jpg?width=486,"CORRIDOR, OCEANFRONT",Villa Terraza 371,Stunning Ocean Vistas & Elegant Style,5.5-Star Luxury Villa,,3,4,8