stretched-link href,w-100 src,location,detail,col-12,detail (2),detail (3),col-auto,col-auto (2),col-auto (3)
https://www.cabovillas.com/properties.asp?PID=441,https://www.cabovillas.com/Properties/Villas/Villa_Tranquilidad/FULL/Villa_Tranquilidad-1.jpg?width=486,"SAN JOSÉ DEL CABO, OCEANFRONT, BEACHFRONT",Villa Tranquilidad,Spectacular Beachfront Villa Located in Puert...,6+ -Star Platinum Villa,+,8,8+,16
https://www.cabovillas.com/properties.asp?PID=456,https://www.cabovillas.com/Properties/Villas/Villa_Lorena/FULL/Villa_Lorena-1.jpg?width=486,CABO SAN LUCAS,Villa Lorena,Comfortable Villa with Wonderful Pacific Ocea...,4.5-Star Deluxe Villa,,4,3.5,10
https://www.cabovillas.com/properties.asp?PID=603,https://www.cabovillas.com/Properties/Villas/Villa_Esencia_Del_Mar/FULL/Villa_Esencia_Del_Mar-1.jpg?width=486,CABO SAN LUCAS,Villa Esencia Del Mar,Breathtaking Ocean Views & Modern Luxury,5.5-Star Luxury Villa,,4,3.5,10
https://www.cabovillas.com/properties.asp?PID=2,https://www.cabovillas.com/Properties/Villas/Villa_California/FULL/Villa_California-1.jpg?width=486,CABO SAN LUCAS,Villa California,Relaxing Escape with Views of Cabo San Lucas ...,4-Star Deluxe Villa,,5,6,10
https://www.cabovillas.com/properties.asp?PID=202,https://www.cabovillas.com/Properties/Villas/Villa_Penasco/FULL/Villa_Penasco-1.jpg?width=486,"CABO SAN LUCAS, OCEANFRONT",Villa Peñasco,Lavishly Appointed Villa Overlooking the Paci...,6+ -Star Platinum Villa,+,6,6+,14
https://www.cabovillas.com/properties.asp?PID=296,https://www.cabovillas.com/Properties/Villas/Villa_Ladrillo/FULL/Villa_Ladrillo-1.jpg?width=486,CABO SAN LUCAS,Villa Ladrillo,Great Cabo San Lucas Location & Pacific Ocean...,4-Star Deluxe Villa,,4,4,8
https://www.cabovillas.com/properties.asp?PID=512,https://www.cabovillas.com/Properties/Villas/Casa_Bella_Vista_by_Waldorf_Astoria_Los_Cabos_Pedregal/FULL/Casa_Bella_Vista_by_Waldorf_Astoria_Los_Cabos_Pedregal-1.jpg?width=486,CABO SAN LUCAS,Casa Bella Vista by Waldorf Astoria Los Cabos Pedregal,Gorgeous Marina & Bay Views with Luxury Resor...,6+ -Star Platinum Villa,+,3,3.5,7
https://www.cabovillas.com/properties.asp?PID=627,https://www.cabovillas.com/Properties/Villas/Tortuga_Bay_Penthouse_2401/FULL/Tortuga_Bay_Penthouse_2401-1.jpg?width=486,"SAN JOSÉ DEL CABO, OCEANFRONT, BEACHFRONT",Tortuga Bay Penthouse 2401,Beachfront Luxury with Sweeping Ocean Views,5-Star Luxury Villa,,3,3,6
https://www.cabovillas.com/properties.asp?PID=140,https://www.cabovillas.com/Properties/Villas/Villa_Marcella/FULL/Villa_Marcella-1.jpg?width=486,"CABO SAN LUCAS, OCEANFRONT, BEACHFRONT",Villa Marcella,Luxury Beach Front Estate,6-Star Premier Villa,,5,6.5,14
https://www.cabovillas.com/properties.asp?PID=622,https://www.cabovillas.com/Properties/Villas/Casa_Kay/FULL/Casa_Kay-1.jpg?width=486,SAN JOSÉ DEL CABO,Casa Kay,"Luxury, Golf & Ocean Views at Puerto Los Cabo...",5-Star Luxury Villa,,8,9,16
https://www.cabovillas.com/properties.asp?PID=608,https://www.cabovillas.com/Properties/Villas/Villa_Bella_Vida/FULL/Villa_Bella_Vida-1.jpg?width=486,SAN JOSÉ DEL CABO,Villa Bella Vida,Luxury & Ocean Views near Excellent Golf,5.5-Star Luxury Villa,,6,5.5,14
https://www.cabovillas.com/properties.asp?PID=629,https://www.cabovillas.com/Properties/Villas/Casa_Aqua_Blanca/FULL/Casa_Aqua_Blanca-1.jpg?width=486,CORRIDOR,Casa Aqua Blanca,Modern Luxury with Ocean Views & Waterslides ...,6-Star Premier Villa,,7,7,14
https://www.cabovillas.com/properties.asp?PID=79,https://www.cabovillas.com/Properties/Villas/Villa_las_Flores/FULL/Villa_las_Flores-1.jpg?width=486,CABO SAN LUCAS,Villa las Flores,Expansive Pacific Ocean Views & Elegant Style,6-Star Premier Villa,,7,7.5,18
https://www.cabovillas.com/properties.asp?PID=653,https://www.cabovillas.com/Properties/Villas/Villa_de_Lam/FULL/Villa_de_Lam-1.jpg?width=486,CABO SAN LUCAS,Villa de Lam,Spacious Modern Escape in Pedregal,5.5-Star Luxury Villa,,6,6,16
https://www.cabovillas.com/properties.asp?PID=641,https://www.cabovillas.com/Properties/Villas/Casa_JoJo/FULL/Casa_JoJo-1.jpg?width=486,CORRIDOR,Casa JoJo,Golf Course Views & Hacienda Style Luxury,6-Star Premier Villa,,7,7+,14
https://www.cabovillas.com/properties.asp?PID=666,https://www.cabovillas.com/Properties/Villas/Casa_Bellamar_de_Cabo_Colorado/FULL/Casa_Bellamar_de_Cabo_Colorado-1.jpg?width=486,CORRIDOR,Casa Bellamar de Cabo Colorado,"Luxury & Views, Walking Distance to Beach",6-Star Premier Villa,,4,4.5,10
https://www.cabovillas.com/properties.asp?PID=326,https://www.cabovillas.com/Properties/Villas/Villa_Buena_Vista/FULL/Villa_Buena_Vista-1.jpg?width=486,CABO SAN LUCAS,Villa Buena Vista,Captivating Pedregal Villa with Views of Mari...,4.5-Star Deluxe Villa,,4,4.5,10
https://www.cabovillas.com/properties.asp?PID=242,https://www.cabovillas.com/Properties/Villas/Villa_Cerca_del_Cielo/FULL/Villa_Cerca_del_Cielo-1.jpg?width=486,CABO SAN LUCAS,Villa Cerca del Cielo,A Taste of Heaven at this Ocean-View Villa in...,5-Star Luxury Villa,,6,6.5,12
https://www.cabovillas.com/properties.asp?PID=377,https://www.cabovillas.com/Properties/Villas/Casa_Cielo_at_Pedregal/FULL/Casa_Cielo_at_Pedregal-1.jpg?width=486,CABO SAN LUCAS,Casa Cielo at Pedregal,,6-Star Premier Villa,,10,11.5,20
https://www.cabovillas.com/properties.asp?PID=521,https://www.cabovillas.com/Properties/Villas/Villa_Perla/FULL/Villa_Perla-1.jpg?width=486,CABO SAN LUCAS,Villa Perla,An Amazing Ocean View Retreat Located in the ...,5-Star Luxury Villa,,5,5.5,14
https://www.cabovillas.com/properties.asp?PID=23,https://www.cabovillas.com/Properties/Villas/Villa_Grande/FULL/Villa_Grande-1.jpg?width=486,"CABO SAN LUCAS, OCEANFRONT",Villa Grande,Exquisite Mediterranean Style Villa with Swee...,6-Star Premier Villa,,6,7.5,14
https://www.cabovillas.com/properties.asp?PID=559,https://www.cabovillas.com/Properties/Villas/Villa_de_Suenos/FULL/Villa_de_Suenos-1.jpg?width=486,SAN JOSÉ DEL CABO,Villa de Sueños,Breathtaking Luxury Villa with Amazing Views,6-Star Premier Villa,,5,6.5,10
https://www.cabovillas.com/properties.asp?PID=225,https://www.cabovillas.com/Properties/Villas/Villa_Turquesa/FULL/Villa_Turquesa-1.jpg?width=486,"CABO SAN LUCAS, OCEANFRONT",Villa Turquesa,Spectacular Cliffside Platinum Villa Overlook...,6+ -Star Platinum Villa,+,10,11+,28
https://www.cabovillas.com/properties.asp?PID=227,https://www.cabovillas.com/Properties/Villas/Villa_de_la_Playa/FULL/Villa_de_la_Playa-1.jpg?width=486,"CORRIDOR, OCEANFRONT, BEACHFRONT",Villa de la Playa,Beachfront Pool Terrace Overlooking the Sea o...,5.5-Star Luxury Villa,,6,6.5,12
https://www.cabovillas.com/properties.asp?PID=541,https://www.cabovillas.com/Properties/Villas/Villa_Fiesta/FULL/Villa_Fiesta-1.jpg?width=486,CABO SAN LUCAS,Villa Fiesta,Relaxing Pedregal Villa - Just a Short Walk t...,4.5-Star Deluxe Villa,,5,5.5,10
https://www.cabovillas.com/properties.asp?PID=519,https://www.cabovillas.com/Properties/Villas/Villa_Mar_Azul/FULL/Villa_Mar_Azul-1.jpg?width=486,CABO SAN LUCAS,Villa Mar Azul,Views of The Bay & The Marina from this Priva...,4-Star Deluxe Villa,,3,3.5,8
https://www.cabovillas.com/properties.asp?PID=574,https://www.cabovillas.com/Properties/Villas/Villa_Colorado/FULL/Villa_Colorado-1.jpg?width=486,CABO SAN LUCAS,Villa Colorado,Walk to the Marina from this Impeccable Villa,4-Star Deluxe Villa,,3,2.5,7
https://www.cabovillas.com/properties.asp?PID=640,https://www.cabovillas.com/Properties/Villas/Villa_Perdiz/FULL/Villa_Perdiz-1.jpg?width=486,CORRIDOR,Villa Perdiz,Ocean Views on 7th Hole at The Cove,6-Star Premier Villa,,4,4,8
https://www.cabovillas.com/properties.asp?PID=468,https://www.cabovillas.com/Properties/Villas/The_Residences_at_Hacienda_Encantada/FULL/The_Residences_at_Hacienda_Encantada-1.jpg?width=486,CORRIDOR,The Residences at Hacienda Encantada,Perfect Combination of Villa Charm & Resort A...,5-Star Luxury Villa,,3,4.5,10
https://www.cabovillas.com/properties.asp?PID=581,https://www.cabovillas.com/Properties/Villas/Villa_Tanzanita_de_Law/FULL/Villa_Tanzanita_de_Law-1.jpg?width=486,CABO SAN LUCAS,Villa Tanzanita de Law,Spectacular Views and Modern Luxury,5.5-Star Luxury Villa,,9,9.5,28
https://www.cabovillas.com/properties.asp?PID=665,https://www.cabovillas.com/Properties/Villas/Residence_101_-_102_Playa_De_La_Paz/FULL/Residence_101_-_102_Playa_De_La_Paz-1.jpg?width=486,LA PAZ,Residence 101 - 102 Playa De La Paz,La Paz Luxury & Sea of Cortez Views,5-Star Luxury Villa,,4,6,10
https://www.cabovillas.com/properties.asp?PID=100,https://www.cabovillas.com/Properties/Villas/Villa_Agave_Azul/FULL/Villa_Agave_Azul-1.jpg?width=486,CORRIDOR,Villa Agave Azul,Hacienda Style Elegance - Golf & Ocean Views,5-Star Luxury Villa,,5,5.5,10
https://www.cabovillas.com/properties.asp?PID=628,https://www.cabovillas.com/Properties/Villas/Las_Olas_Penthouse_A501/FULL/Las_Olas_Penthouse_A501-1.jpg?width=486,"SAN JOSÉ DEL CABO, OCEANFRONT, BEACHFRONT",Las Olas Penthouse A501,Spectacular Views at Zipper’s Beach,4-Star Deluxe Villa,,3,2,6
https://www.cabovillas.com/properties.asp?PID=378,https://www.cabovillas.com/Properties/Villas/Villa_Vista_del_Mar/FULL/Villa_Vista_del_Mar-1.jpg?width=486,"CORRIDOR, SAN JOSÉ DEL CABO",Villa Vista del Mar,Impressive Hillside Villa Boasting Gorgeous O...,5.5-Star Luxury Villa,,4,5.5,8
https://www.cabovillas.com/properties.asp?PID=173,https://www.cabovillas.com/Properties/Villas/Villa_Cortez/FULL/Villa_Cortez-1.jpg?width=486,"CORRIDOR, OCEANFRONT",Villa Cortez,Spacious Luxury Oceanfront Villa Steps to Gre...,6-Star Premier Villa,,5,6,10
https://www.cabovillas.com/properties.asp?PID=537,https://www.cabovillas.com/Properties/Villas/Villa_Danzeland/FULL/Villa_Danzeland-1.jpg?width=486,CABO SAN LUCAS,Villa Danzeland,Vibrant Pedregal Villa with Impressive Ocean ...,4.5-Star Deluxe Villa,,3,4,10
https://www.cabovillas.com/properties.asp?PID=657,https://www.cabovillas.com/Properties/Villas/Villa_Perla_Del_Mar/FULL/Villa_Perla_Del_Mar-1.jpg?width=486,"OCEANFRONT, EAST CAPE, BEACHFRONT, CABO PULMO",Villa Perla Del Mar,All-Inclusive Beachfront Luxury & Tranquility,6-Star Premier Villa,,5,6,10
https://www.cabovillas.com/properties.asp?PID=606,https://www.cabovillas.com/Properties/Villas/Casa_78_at_Copala_Quivira/FULL/Casa_78_at_Copala_Quivira-1.jpg?width=486,CABO SAN LUCAS,Casa 78 at Copala Quivira,Ocean Views & Luxury at Copola Quivira,4-Star Deluxe Villa,,4,4+,8
https://www.cabovillas.com/properties.asp?PID=632,https://www.cabovillas.com/Properties/Villas/Villa_Aurora/FULL/Villa_Aurora-1.jpg?width=486,CABO SAN LUCAS,Villa Aurora,Panoramic Views & Magnificent Hilltop Luxury,6+ -Star Platinum Villa,+,7,7.5,22
https://www.cabovillas.com/properties.asp?PID=642,https://www.cabovillas.com/Properties/Villas/Casa_Corona/FULL/Casa_Corona-1.jpg?width=486,CORRIDOR,Casa Corona,"Luxury, Golf & Ocean Views at Cabo del Sol",6-Star Premier Villa,,5,5.5,10
https://www.cabovillas.com/properties.asp?PID=220,https://www.cabovillas.com/Properties/Villas/Casa_Margaritas/FULL/Casa_Margaritas-1.jpg?width=486,CORRIDOR,Casa Margaritas,Ocean-View Retreat in Santa Carmela,5.5-Star Luxury Villa,,5,5,12
https://www.cabovillas.com/properties.asp?PID=9,https://www.cabovillas.com/Properties/Villas/Villa_Carolina/FULL/Villa_Carolina-1.jpg?width=486,CABO SAN LUCAS,Villa Carolina,Walk to Town from This Lovely Vacation Villa,4-Star Deluxe Villa,,3,3.5,6
https://www.cabovillas.com/properties.asp?PID=663,https://www.cabovillas.com/Properties/Villas/Casa_Santos/FULL/Casa_Santos-1.jpg?width=486,CABO SAN LUCAS,Casa Santos,Spacious Pedregal Villa with Stunning Ocean V...,5-Star Luxury Villa,,5,6,14
https://www.cabovillas.com/properties.asp?PID=86,https://www.cabovillas.com/Properties/Villas/Villa_Pacifica/FULL/Villa_Pacifica-1.jpg?width=486,"CABO SAN LUCAS, OCEANFRONT, BEACHFRONT",Villa Pacifica,Extravagant Luxury Retreat on Pedregal Beach,6+ -Star Platinum Villa,+,5,4.5,10
https://www.cabovillas.com/properties.asp?PID=515,https://www.cabovillas.com/Properties/Villas/Villa_Victoria/FULL/Villa_Victoria-1.jpg?width=486,CABO SAN LUCAS,Villa Victoria,Walk to Downtown & the Marina from This Stunn...,4.5-Star Deluxe Villa,,6,6,14
https://www.cabovillas.com/properties.asp?PID=662,https://www.cabovillas.com/Properties/Villas/Villa_Loretta/FULL/Villa_Loretta-1.jpg?width=486,CABO SAN LUCAS,Villa Loretta,Walk to Downtown Cabo Shops & Dining,4.5-Star Deluxe Villa,,3,3.5,8
https://www.cabovillas.com/properties.asp?PID=461,https://www.cabovillas.com/Properties/Villas/Villa_Las_Rocas/FULL/Villa_Las_Rocas-1.jpg?width=486,"CORRIDOR, OCEANFRONT, BEACHFRONT",Villa Las Rocas,One-Of-A-Kind Lush Tropical Beachfront Estate...,6-Star Premier Villa,,7,8.5,22
https://www.cabovillas.com/properties.asp?PID=5,https://www.cabovillas.com/Properties/Villas/Villa_Costa_Brava/FULL/Villa_Costa_Brava-1.jpg?width=486,CORRIDOR,Villa Costa Brava,Walk to Beach from this Hidden Gem with Stunn...,4.5-Star Deluxe Villa,,3,3,7
https://www.cabovillas.com/properties.asp?PID=549,https://www.cabovillas.com/Properties/Villas/Chileno_Bay_Resort_4_Bedroom_Oceanfront_Villa/FULL/Chileno_Bay_Resort_4_Bedroom_Oceanfront_Villa-1.jpg?width=486,"CORRIDOR, OCEANFRONT, BEACHFRONT",Chileno Bay Resort 4 Bedroom Oceanfront Villa,Exquisite Escape on One of Cabo’s Top Snorkel...,6+ -Star Platinum Villa,+,4,4.5,8
https://www.cabovillas.com/properties.asp?PID=671,https://www.cabovillas.com/Properties/Villas/Villa_Tortuga/FULL/Villa_Tortuga-1.jpg?width=486,"CORRIDOR, OCEANFRONT, BEACHFRONT",Villa Tortuga,A Private Oceanfront Escape in Punta Bella,5.5-Star Luxury Villa,,5,5.5,10
https://www.cabovillas.com/properties.asp?PID=349,https://www.cabovillas.com/Properties/Villas/Villa_Marlin/FULL/Villa_Marlin-1.jpg?width=486,"LA PAZ, OCEANFRONT, BEACHFRONT",Villa Marlin,One-of-a-Kind Beachfront Paradise at Bahia De...,5-Star Luxury Villa,,6,7.5,18
https://www.cabovillas.com/properties.asp?PID=582,https://www.cabovillas.com/Properties/Villas/Maison_de_Cortes/FULL/Maison_de_Cortes-1.jpg?width=486,CABO SAN LUCAS,Maison de Cortes,Exceptional Luxury & Modern Sophistication,6+ -Star Platinum Villa,+,7,8+,16
https://www.cabovillas.com/properties.asp?PID=564,https://www.cabovillas.com/Properties/Villas/Casa_Mirador/FULL/Casa_Mirador-1.jpg?width=486,"CABO SAN LUCAS, OCEANFRONT",Casa Mirador,Panoramic Ocean Views from this Luxury Hillsi...,5.5-Star Luxury Villa,,6,6.5,12
https://www.cabovillas.com/properties.asp?PID=658,https://www.cabovillas.com/Properties/Villas/Casa_Elije/FULL/Casa_Elije-1.jpg?width=486,CORRIDOR,Casa Elije,Stunning Palmilla Luxury Escape with Full Sta...,6+ -Star Platinum Villa,+,10,13,20
https://www.cabovillas.com/properties.asp?PID=661,https://www.cabovillas.com/Properties/Villas/Villa_Marisal/FULL/Villa_Marisal-1.jpg?width=486,CABO SAN LUCAS,Villa Marisal,"Stunning, Spacious Pedregal Luxury Retreat",6+ -Star Platinum Villa,+,9,11,18
https://www.cabovillas.com/properties.asp?PID=633,https://www.cabovillas.com/Properties/Villas/Villa_Zafiro/FULL/Villa_Zafiro-1.jpg?width=486,"OCEANFRONT, EAST CAPE, BEACHFRONT, CABO PULMO",Villa Zafiro,Beachfront Tranquility & All-Inclusive Villa ...,6-Star Premier Villa,,5,5.5,10
https://www.cabovillas.com/properties.asp?PID=15,https://www.cabovillas.com/Properties/Villas/Villa_Bougainvillea/FULL/Villa_Bougainvillea-1.jpg?width=486,CABO SAN LUCAS,Villa Bougainvillea,Lovely Cabo Villa with Views of the Ocean & B...,4.5-Star Deluxe Villa,,4,4.5,8
https://www.cabovillas.com/properties.asp?PID=585,https://www.cabovillas.com/Properties/Villas/Casa_Manana/FULL/Casa_Manana-1.jpg?width=486,"CORRIDOR, BEACHFRONT",Casa Mañana,Spectacular Palmilla Luxury Beachfront Villa,6-Star Premier Villa,,5,5.5,12
https://www.cabovillas.com/properties.asp?PID=246,https://www.cabovillas.com/Properties/Villas/Rancho_de_Costa/FULL/Rancho_de_Costa-1.jpg?width=486,"LA PAZ, OCEANFRONT, BEACHFRONT",Rancho de Costa,One-of-a-Kind Beachfront Estate on the Bay of...,5-Star Luxury Villa,,10,11.5,28
https://www.cabovillas.com/properties.asp?PID=383,https://www.cabovillas.com/Properties/Villas/Villa_Estero/FULL/Villa_Estero-1.jpg?width=486,"SAN JOSÉ DEL CABO, OCEANFRONT, BEACHFRONT",Villa Estero,Breathtaking Beachfront Estate with Sea of Co...,6+ -Star Platinum Villa,+,5,5.5,10
https://www.cabovillas.com/properties.asp?PID=305,https://www.cabovillas.com/Properties/Villas/Giggling_Marlin_Penthouse/FULL/Giggling_Marlin_Penthouse-1.jpg?width=486,CABO SAN LUCAS,Giggling Marlin Penthouse,"Steps from Dining, Nightlife, Beach & World C...",3.5-Star Value Villa,,3,3,8
https://www.cabovillas.com/properties.asp?PID=547,https://www.cabovillas.com/Properties/Villas/Villa_La_Finca_Tezal/FULL/Villa_La_Finca_Tezal-1.jpg?width=486,CABO SAN LUCAS,Villa La Finca Tezal,One-of-a-Kind Private Estate in a Tranquil Se...,4-Star Deluxe Villa,,5,5.5,16
https://www.cabovillas.com/properties.asp?PID=589,https://www.cabovillas.com/Properties/Villas/The_White_Lodge/FULL/The_White_Lodge-1.jpg?width=486,EAST CAPE,The White Lodge,Eco-luxury retreat situated in the tranquil E...,5-Star Luxury Villa,,10,9,24
https://www.cabovillas.com/properties.asp?PID=350,https://www.cabovillas.com/Properties/Villas/Villa_Langosta/FULL/Villa_Langosta-1.jpg?width=486,"LA PAZ, OCEANFRONT, BEACHFRONT",Villa Langosta,Tranquil Retreat on the Beautiful Bay of Drea...,5-Star Luxury Villa,,4,5,10
https://www.cabovillas.com/properties.asp?PID=1,https://www.cabovillas.com/Properties/Villas/Mantea_Casa_Cabo/FULL/Mantea_Casa_Cabo-1.jpg?width=486,"CABO SAN LUCAS, OCEANFRONT",Mantea Casa Cabo,Spectacular Modern Luxury and Exceptional Ame...,6+ -Star Platinum Villa,+,8,10+,16
https://www.cabovillas.com/properties.asp?PID=569,https://www.cabovillas.com/Properties/Villas/Casa_Edwards_Too/FULL/Casa_Edwards_Too-1.jpg?width=486,"CORRIDOR, OCEANFRONT, BEACHFRONT",Casa Edwards Too,Exceptional Modern Beachfront Estate,5.5-Star Luxury Villa,,5,5.5,12
https://www.cabovillas.com/properties.asp?PID=670,https://www.cabovillas.com/Properties/Villas/Villa_Esperanza/FULL/Villa_Esperanza-1.jpg?width=486,CORRIDOR,Villa Esperanza,A Luxurious Escape in Palmilla Caleta,5.5-Star Luxury Villa,,6,6.5,14
https://www.cabovillas.com/properties.asp?PID=570,https://www.cabovillas.com/Properties/Villas/Casa_Edwards/FULL/Casa_Edwards-1.jpg?width=486,"CORRIDOR, OCEANFRONT, BEACHFRONT",Casa Edwards,Timeless Architecture and Spectacular Views i...,6+ -Star Platinum Villa,+,8,8.5,16
https://www.cabovillas.com/properties.asp?PID=643,https://www.cabovillas.com/Properties/Villas/Villa_Esquina/FULL/Villa_Esquina-1.jpg?width=486,CORRIDOR,Villa Esquina,Ocean & Golf Views at Cabo del Sol,5-Star Luxury Villa,,5,5.5,10
https://www.cabovillas.com/properties.asp?PID=123,,CABO SAN LUCAS,Villa Clara Vista,Magnificent Mediterranean Style Villa with Oc...,5-Star Luxury Villa,,6,5+,16
https://www.cabovillas.com/properties.asp?PID=598,,CABO SAN LUCAS,Montemar Luxury Hotel Residences at Pedregal Unit 503,Luxury and Views in an Excellent Cabo Locatio...,4-Star Deluxe Villa,,2,2,6
https://www.cabovillas.com/properties.asp?PID=520,,CABO SAN LUCAS,Villa Jade de Law,Bring Your Friends! Spacious Villa with Gorge...,5.5-Star Luxury Villa,,8,8.5,22
https://www.cabovillas.com/properties.asp?PID=237,,"CABO SAN LUCAS, OCEANFRONT",Villa Gran Vista,Stunning Cliffside Ocean Views & Swim-Up Pool...,6-Star Premier Villa,,7,7.5,14
https://www.cabovillas.com/properties.asp?PID=566,,"CORRIDOR, OCEANFRONT, BEACHFRONT",Casa del Mar Punta Bella,Stunning Luxury Retreat with Exceptional Amen...,6-Star Premier Villa,,5,5.5,14
https://www.cabovillas.com/properties.asp?PID=463,,"CABO SAN LUCAS, OCEANFRONT",Villa Finisterra,Stunning Modern Villa with Spectacular Views,6+ -Star Platinum Villa,+,4,6,8
https://www.cabovillas.com/properties.asp?PID=580,,CORRIDOR,Live Aqua Private Residences,Villa Luxury & Excellent Resort Amenities,6-Star Premier Villa,,1,1,12
https://www.cabovillas.com/properties.asp?PID=615,,SAN JOSÉ DEL CABO,Villa Vista al Mar,Hacienda Style Luxury and Sea of Cortez Views,6-Star Premier Villa,,5,5+,12
https://www.cabovillas.com/properties.asp?PID=498,,CABO SAN LUCAS,Hacienda Edith,Charming Villa In Pedregal - A Great Vacation...,4-Star Deluxe Villa,,5,6,14
https://www.cabovillas.com/properties.asp?PID=558,,"SAN JOSÉ DEL CABO, OCEANFRONT, EAST CAPE, BEACHFRONT",Casa Bellamar,Gorgeous Beachfront Villa with Swim Up Bar an...,6+ -Star Platinum Villa,+,9,9.5,18
https://www.cabovillas.com/properties.asp?PID=233,,"CORRIDOR, SAN JOSÉ DEL CABO",Villa Sun Guadalupe,Enchanting Hillside Villa with Amazing Sea of...,3-Star Value Villa,,3,2,8
https://www.cabovillas.com/properties.asp?PID=206,,CORRIDOR,Villa Las Brisas,"Desirable Location, Spacious Elegance & Beaut...",5-Star Luxury Villa,,5,6,12
https://www.cabovillas.com/properties.asp?PID=618,https://www.cabovillas.com/Properties/Villas/Villa_Bella_Vista/FULL/Villa_Bella_Vista-1.jpg?width=486,CABO SAN LUCAS,Villa Bella Vista,"Gorgeous Ocean, Marina & Downtown Views",4.5-Star Deluxe Villa,,4,4.5,8
https://www.cabovillas.com/properties.asp?PID=639,https://www.cabovillas.com/Properties/Villas/Villa_Las_Palmas/FULL/Villa_Las_Palmas-1.jpg?width=486,CABO SAN LUCAS,Villa Las Palmas,Stunning Ocean-View Luxury Estate in Pedregal,6+ -Star Platinum Villa,+,7,11,18
https://www.cabovillas.com/properties.asp?PID=205,https://www.cabovillas.com/Properties/Villas/Villa_los_Geckos/FULL/Villa_los_Geckos-1.jpg?width=486,CABO SAN LUCAS,Villa los Geckos,Lush Hillside Villa with Ocean Views,3-Star Value Villa,,4,4,10
https://www.cabovillas.com/properties.asp?PID=656,https://www.cabovillas.com/Properties/Villas/Villa_Ysabel/FULL/Villa_Ysabel-1.jpg?width=486,CABO SAN LUCAS,Villa Ysabel,Remodeled Ocean-View Pedregal Escape,4.5-Star Deluxe Villa,,4,4.5,8
https://www.cabovillas.com/properties.asp?PID=668,https://www.cabovillas.com/Properties/Villas/Casa_Fatima/FULL/Casa_Fatima-1.jpg?width=486,CABO SAN LUCAS,Casa Fatima,Comfortable Retreat in Pedregal,3.5-Star Value Villa,,3,4,8
https://www.cabovillas.com/properties.asp?PID=373,https://www.cabovillas.com/Properties/Villas/Villa_Sebastian/FULL/Villa_Sebastian-1.jpg?width=486,CABO SAN LUCAS,Villa Sebastian,Modern Style & Great Ocean Views in the Pedre...,5-Star Luxury Villa,,3,3.5,10
https://www.cabovillas.com/properties.asp?PID=548,https://www.cabovillas.com/Properties/Villas/Villa_las_Arenas/FULL/Villa_las_Arenas-1.jpg?width=486,"CORRIDOR, OCEANFRONT, BEACHFRONT",Villa las Arenas,Splendid Villa with Beachfront Pool & Dazzlin...,6-Star Premier Villa,,4,4.5,8
https://www.cabovillas.com/properties.asp?PID=602,https://www.cabovillas.com/Properties/Villas/Casa_Jazmin/FULL/Casa_Jazmin-1.jpg?width=486,CORRIDOR,Casa Jazmin,Walk to the Beach & Enjoy Ocean Views,4.5-Star Deluxe Villa,,3,2.5,8
https://www.cabovillas.com/properties.asp?PID=97,https://www.cabovillas.com/Properties/Villas/Villa_Leonetti/FULL/Villa_Leonetti-1.jpg?width=486,CABO SAN LUCAS,Villa Leonetti,Panoramic Views of the Bay from This Spacious...,5.5-Star Luxury Villa,,4,5,10
https://www.cabovillas.com/properties.asp?PID=655,https://www.cabovillas.com/Properties/Villas/Casa_Micana/FULL/Casa_Micana-1.jpg?width=486,SAN JOSÉ DEL CABO,Casa Micana,Modern Luxury in Puerto Los Cabos,6-Star Premier Villa,,4,4.5,8
https://www.cabovillas.com/properties.asp?PID=282,https://www.cabovillas.com/Properties/Villas/Villa_del_Mar/FULL/Villa_del_Mar-1.jpg?width=486,CABO SAN LUCAS,Villa del Mar,Luxury Villa with Excellent Ocean Views in Pe...,6-Star Premier Villa,,7,7,15
https://www.cabovillas.com/properties.asp?PID=638,https://www.cabovillas.com/Properties/Villas/Villa_de_los_Suenos/FULL/Villa_de_los_Suenos-1.jpg?width=486,CABO SAN LUCAS,Villa de los Sueños,Elegant Ocean-View Hacienda-Style Retreat,6-Star Premier Villa,,8,10,18
https://www.cabovillas.com/properties.asp?PID=604,https://www.cabovillas.com/Properties/Villas/Villa_Vista_Vela_4101/FULL/Villa_Vista_Vela_4101-1.jpg?width=486,CABO SAN LUCAS,Villa Vista Vela 4101,Beautiful Ocean Views & Great Location,4-Star Deluxe Villa,,3,3.5,6
https://www.cabovillas.com/properties.asp?PID=609,https://www.cabovillas.com/Properties/Villas/Casa_Nolia/FULL/Casa_Nolia-1.jpg?width=486,CABO SAN LUCAS,Casa Nolia,Excellent Location & Ocean Views,4.5-Star Deluxe Villa,,3,3.5,6
https://www.cabovillas.com/properties.asp?PID=586,https://www.cabovillas.com/Properties/Villas/Garza_Blanca_3_Bedroom_Oceanfront_Penthouse/FULL/Garza_Blanca_3_Bedroom_Oceanfront_Penthouse-1.jpg?width=486,"CORRIDOR, OCEANFRONT, BEACHFRONT",Garza Blanca 3 Bedroom Oceanfront Penthouse,Modern Sophistication and All-Inclusive Luxur...,5-Star Luxury Villa,,3,3.5,8
https://www.cabovillas.com/properties.asp?PID=190,https://www.cabovillas.com/Properties/Villas/Villa_Golden_Dome/FULL/Villa_Golden_Dome-1.jpg?width=486,CABO SAN LUCAS,Villa Golden Dome,Unique Villa Overlooking the Marina and Sea o...,4.5-Star Deluxe Villa,,6,8,16
https://www.cabovillas.com/properties.asp?PID=634,https://www.cabovillas.com/Properties/Villas/Villa_Paraiso/FULL/Villa_Paraiso-1.jpg?width=486,"CORRIDOR, OCEANFRONT, BEACHFRONT",Villa Paraiso,Direct Beach Access & Luxury in Palmilla,5.5-Star Luxury Villa,,6,6.5,14
https://www.cabovillas.com/properties.asp?PID=637,https://www.cabovillas.com/Properties/Villas/Villa_Saguaro/FULL/Villa_Saguaro-1.jpg?width=486,SAN JOSÉ DEL CABO,Villa Saguaro,Luxury Ocean-View Villa with Pool & Entertain...,6+ -Star Platinum Villa,+,11,11,24
https://www.cabovillas.com/properties.asp?PID=554,https://www.cabovillas.com/Properties/Villas/Villa_Besame/FULL/Villa_Besame-1.jpg?width=486,CABO SAN LUCAS,Villa Besame,Stunning Modern Design & Gorgeous Ocean Views,6-Star Premier Villa,,4,6,8
https://www.cabovillas.com/properties.asp?PID=511,https://www.cabovillas.com/Properties/Villas/Villa_One_at_One-Only_Palmilla/FULL/Villa_One_at_One-Only_Palmilla-1.jpg?width=486,CORRIDOR,Villa One at One&Only Palmilla,Alluring Vacation Estate Located at One&Only ...,6+ -Star Platinum Villa,+,4,3.5,8
https://www.cabovillas.com/properties.asp?PID=348,https://www.cabovillas.com/Properties/Villas/Villa_Buena_Vida/FULL/Villa_Buena_Vida-1.jpg?width=486,"CABO SAN LUCAS, CORRIDOR",Villa Buena Vida,Spectacular Cabo Del Sol Ocean-View Villa Ste...,5-Star Luxury Villa,,6,6,16
https://www.cabovillas.com/properties.asp?PID=594,https://www.cabovillas.com/Properties/Villas/Villa_Chavez/FULL/Villa_Chavez-1.jpg?width=486,CABO SAN LUCAS,Villa Chavez,Spectacular Luxury Estate with Panoramic View...,6-Star Premier Villa,,8,8+,18
https://www.cabovillas.com/properties.asp?PID=595,https://www.cabovillas.com/Properties/Villas/Casa_Angel/FULL/Casa_Angel-1.jpg?width=486,CABO SAN LUCAS,Casa Angel,Inviting Ocean-View Getaway in Pedregal,5.5-Star Luxury Villa,,4,5,12
https://www.cabovillas.com/properties.asp?PID=599,https://www.cabovillas.com/Properties/Villas/West_Enclave_8/FULL/West_Enclave_8-1.jpg?width=486,SAN JOSÉ DEL CABO,West Enclave 8,Spectacular Modern Ocean-View Luxury Estate,6+ -Star Platinum Villa,+,6,6,16
https://www.cabovillas.com/properties.asp?PID=530,https://www.cabovillas.com/Properties/Villas/Villas_del_Mar_Casita_17/FULL/Villas_del_Mar_Casita_17-1.jpg?width=486,CORRIDOR,Villas del Mar Casita 17,Hillside Palmilla Villa with Amazing Panorami...,6-Star Premier Villa,,3,3,6
https://www.cabovillas.com/properties.asp?PID=647,https://www.cabovillas.com/Properties/Villas/Casa_Maravillas/FULL/Casa_Maravillas-1.jpg?width=486,CORRIDOR,Casa Maravillas,Punta Ballena Charm & Relaxation,6-Star Premier Villa,,4,4.5,8
https://www.cabovillas.com/properties.asp?PID=667,https://www.cabovillas.com/Properties/Villas/Casa_Primavera/FULL/Casa_Primavera-1.jpg?width=486,SAN JOSÉ DEL CABO,Casa Primavera,Luxury Golf & Ocean Vistas in Puerto Los Cabo...,6-Star Premier Villa,,8,8,16
https://www.cabovillas.com/properties.asp?PID=621,https://www.cabovillas.com/Properties/Villas/Villa_Marena_18/FULL/Villa_Marena_18-1.jpg?width=486,CABO SAN LUCAS,Villa Marena 18,Luxury Directly Overlooking Medano Beach,6+ -Star Platinum Villa,+,5,5.5,10
https://www.cabovillas.com/properties.asp?PID=106,https://www.cabovillas.com/Properties/Villas/Villa_Ballena/FULL/Villa_Ballena-1.jpg?width=486,CABO SAN LUCAS,Villa Ballena,Charming Villa with Lush Landscaping in Great...,4.5-Star Deluxe Villa,,4,4.5,10
https://www.cabovillas.com/properties.asp?PID=193,https://www.cabovillas.com/Properties/Villas/Villa_Maria/FULL/Villa_Maria-1.jpg?width=486,CABO SAN LUCAS,Villa Maria,Hacienda-Style Architecture & Glorious Pacifi...,6-Star Premier Villa,,6,6,12
https://www.cabovillas.com/properties.asp?PID=482,https://www.cabovillas.com/Properties/Villas/Villa_Piedra_Blanca/FULL/Villa_Piedra_Blanca-1.jpg?width=486,"SAN JOSÉ DEL CABO, OCEANFRONT, BEACHFRONT",Villa Piedra Blanca,Spectacular Platinum Beachfront Villa in Puer...,6+ -Star Platinum Villa,+,5,5.5,10
https://www.cabovillas.com/properties.asp?PID=620,https://www.cabovillas.com/Properties/Villas/Villas_del_Mar_Casita_6/FULL/Villas_del_Mar_Casita_6-1.jpg?width=486,CORRIDOR,Villas del Mar Casita 6,Luxury & Ocean Views at Palmilla,6-Star Premier Villa,,3,3,8
https://www.cabovillas.com/properties.asp?PID=304,https://www.cabovillas.com/Properties/Villas/Villa_Alegria/FULL/Villa_Alegria-1.jpg?width=486,CABO SAN LUCAS,Villa Alegria,Stunning Pacific Ocean Views from this Spacio...,4.5-Star Deluxe Villa,,7,7.5,14
https://www.cabovillas.com/properties.asp?PID=592,https://www.cabovillas.com/Properties/Villas/Palmilla_Estates_58/FULL/Palmilla_Estates_58-1.jpg?width=486,CORRIDOR,Palmilla Estates 58,Luxury Escape Close to Palmilla Golf,5-Star Luxury Villa,,6,8,14
https://www.cabovillas.com/properties.asp?PID=571,https://www.cabovillas.com/Properties/Villas/Casa_Stella/FULL/Casa_Stella-1.jpg?width=486,CABO SAN LUCAS,Casa Stella,Breathtaking Luxury Villa With Sweeping Ocean...,6+ -Star Platinum Villa,+,10,11+,20
https://www.cabovillas.com/properties.asp?PID=243,https://www.cabovillas.com/Properties/Villas/Casa_Sonara/FULL/Casa_Sonara-1.jpg?width=486,CABO SAN LUCAS,Casa Soñara,Gorgeous Hillside Pedregal Villa with Panoram...,5.5-Star Luxury Villa,,4,4.5,10
https://www.cabovillas.com/properties.asp?PID=635,https://www.cabovillas.com/Properties/Villas/Villa_Mar_Azul_Palmilla/FULL/Villa_Mar_Azul_Palmilla-1.jpg?width=486,CORRIDOR,Villa Mar Azul Palmilla,Hacienda-Style Luxury & Views in Palmilla,6+ -Star Platinum Villa,+,6,6+,12
https://www.cabovillas.com/properties.asp?PID=659,https://www.cabovillas.com/Properties/Villas/Casa_Bella/FULL/Casa_Bella-1.jpg?width=486,CORRIDOR,Casa Bella,Luxury & Sea of Cortez Views in Cabo Colorado,6-Star Premier Villa,,5,5.5,10
https://www.cabovillas.com/properties.asp?PID=495,https://www.cabovillas.com/Properties/Villas/Villa_Sirena/FULL/Villa_Sirena-1.jpg?width=486,CABO SAN LUCAS,Villa Sirena,Inviting Cabo Villa with Great Views of Land’...,4-Star Deluxe Villa,,3,3.5,6
https://www.cabovillas.com/properties.asp?PID=575,https://www.cabovillas.com/Properties/Villas/Casa_Rio_de_Luna/FULL/Casa_Rio_de_Luna-1.jpg?width=486,CORRIDOR,Casa Rio de Luna,One-of-a-Kind Luxury Villa Rental,6-Star Premier Villa,,7,7,18
https://www.cabovillas.com/properties.asp?PID=644,https://www.cabovillas.com/Properties/Villas/Casa_Tortuga/FULL/Casa_Tortuga-1.jpg?width=486,CORRIDOR,Casa Tortuga,Luxury on 1st Green at Cabo del Sol,4.5-Star Deluxe Villa,,5,5.5,10
https://www.cabovillas.com/properties.asp?PID=669,https://www.cabovillas.com/Properties/Villas/Villa_Maria_Bonita/FULL/Villa_Maria_Bonita-1.jpg?width=486,CABO SAN LUCAS,Villa Maria Bonita,Spectacular Spacious Luxury Pedregal Villa,6+ -Star Platinum Villa,+,9,9,20
https://www.cabovillas.com/properties.asp?PID=572,https://www.cabovillas.com/Properties/Villas/La_Datcha/FULL/La_Datcha-1.jpg?width=486,"CABO SAN LUCAS, OCEANFRONT, BEACHFRONT",La Datcha,Extraordinary Luxury at this Beachfront Escap...,6+ -Star Platinum Villa,+,10,12,20
https://www.cabovillas.com/properties.asp?PID=562,https://www.cabovillas.com/Properties/Villas/Villa_Miramar/FULL/Villa_Miramar-1.jpg?width=486,CABO SAN LUCAS,Villa Miramar,Stunning Pacific Ocean Views from this Luxury...,5.5-Star Luxury Villa,,4,6,12
https://www.cabovillas.com/properties.asp?PID=607,https://www.cabovillas.com/Properties/Villas/La_Casa_Bendecida/FULL/La_Casa_Bendecida-1.jpg?width=486,CABO SAN LUCAS,La Casa Bendecida,Timeless Mexican Charm & Outstanding Amenitie...,4.5-Star Deluxe Villa,,4,3.5,8
https://www.cabovillas.com/properties.asp?PID=328,https://www.cabovillas.com/Properties/Villas/Villa_Delfines/FULL/Villa_Delfines-1.jpg?width=486,"CORRIDOR, OCEANFRONT, BEACHFRONT",Villa Delfines,Beachfront Villa with Convenient Access to Ca...,6-Star Premier Villa,,7,7.5,18
https://www.cabovillas.com/properties.asp?PID=365,https://www.cabovillas.com/Properties/Villas/Villa_Descanso/FULL/Villa_Descanso-1.jpg?width=486,CABO SAN LUCAS,Villa Descanso,Great for Groups - Spacious Pedregal Villa wi...,5.5-Star Luxury Villa,,9,11,20
https://www.cabovillas.com/properties.asp?PID=630,https://www.cabovillas.com/Properties/Villas/Villa_Costa_Azul/FULL/Villa_Costa_Azul-1.jpg?width=486,"CORRIDOR, OCEANFRONT, BEACHFRONT",Villa Costa Azul,Beachfront at Cabo’s Famous Zippers Surf Spot,5-Star Luxury Villa,,6,6,12
https://www.cabovillas.com/properties.asp?PID=492,https://www.cabovillas.com/Properties/Villas/Villa_Cortez_at_One-Only_Palmilla/FULL/Villa_Cortez_at_One-Only_Palmilla-1.jpg?width=486,"CORRIDOR, OCEANFRONT, BEACHFRONT",Villa Cortez at One&Only Palmilla,Breathtaking Retreat at this Exceptional Luxu...,6+ -Star Platinum Villa,+,4,4,10
https://www.cabovillas.com/properties.asp?PID=631,https://www.cabovillas.com/Properties/Villas/Casa_Marisol/FULL/Casa_Marisol-1.jpg?width=486,CABO SAN LUCAS,Casa Marisol,Relax with Beautiful Ocean Views in Pedregal,4.5-Star Deluxe Villa,,5,5.5,10
https://www.cabovillas.com/properties.asp?PID=538,https://www.cabovillas.com/Properties/Villas/Villa_Bahia_de_los_Frailes/FULL/Villa_Bahia_de_los_Frailes-1.jpg?width=486,"SAN JOSÉ DEL CABO, BEACHFRONT, CABO PULMO",Villa Bahia de los Frailes,Beachfront Villa Close to Cabo Pulmo Diving &...,5.5-Star Luxury Villa,,6,6.5,16
https://www.cabovillas.com/properties.asp?PID=467,https://www.cabovillas.com/Properties/Villas/Villa_Pacific_West/FULL/Villa_Pacific_West-1.jpg?width=486,CABO SAN LUCAS,Villa Pacific West,Magnificent Pedregal Villa Boasting Spectacul...,6+ -Star Platinum Villa,+,5,4.5,10
https://www.cabovillas.com/properties.asp?PID=623,https://www.cabovillas.com/Properties/Villas/Casa_Brooks/FULL/Casa_Brooks-1.jpg?width=486,CORRIDOR,Casa Brooks,Hacienda Style Luxury in Cabo del Sol,6-Star Premier Villa,,10,9.5,22
https://www.cabovillas.com/properties.asp?PID=583,https://www.cabovillas.com/Properties/Villas/Villa_Tamika/FULL/Villa_Tamika-1.jpg?width=486,CABO SAN LUCAS,Villa Tamika,Inviting Private Retreat Close to Marina & Do...,4-Star Deluxe Villa,,3,3.5,8
https://www.cabovillas.com/properties.asp?PID=189,https://www.cabovillas.com/Properties/Villas/Villa_de_Tres_Hermanas/FULL/Villa_de_Tres_Hermanas-1.jpg?width=486,CABO SAN LUCAS,Villa de Tres Hermanas,Stylish Villa Short Walk to Downtown Cabo & t...,3.5-Star Value Villa,,4,3.5,8
https://www.cabovillas.com/properties.asp?PID=210,https://www.cabovillas.com/Properties/Villas/Villa_de_la_Luz/FULL/Villa_de_la_Luz-1.jpg?width=486,CABO SAN LUCAS,Villa de la Luz,Wonderful Private & Spacious Cabo San Lucas V...,4.5-Star Deluxe Villa,,5,6.5,13
https://www.cabovillas.com/properties.asp?PID=588,https://www.cabovillas.com/Properties/Villas/West_Enclave_7/FULL/West_Enclave_7-1.jpg?width=486,"SAN JOSÉ DEL CABO, BEACHFRONT",West Enclave 7,Unparalleled Luxury in an Exceptional Beachfr...,6+ -Star Platinum Villa,+,5,6.5,14
https://www.cabovillas.com/properties.asp?PID=584,https://www.cabovillas.com/Properties/Villas/Villa_Dos_Vistas/FULL/Villa_Dos_Vistas-1.jpg?width=486,CABO SAN LUCAS,Villa Dos Vistas,Expansive Ocean Views from Your Private Pool,6-Star Premier Villa,,4,5+,11
https://www.cabovillas.com/properties.asp?PID=150,https://www.cabovillas.com/Properties/Villas/Sunset_Villa/FULL/Sunset_Villa-1.jpg?width=486,CABO SAN LUCAS,Sunset Villa,A Perfect Private Retreat in Pedregal with Lo...,3.5-Star Value Villa,,5,5.5,17
https://www.cabovillas.com/properties.asp?PID=54,https://www.cabovillas.com/Properties/Villas/Casa_Stamm/FULL/Casa_Stamm-1.jpg?width=486,CORRIDOR,Casa Stamm,Luxury on 1st Fairway at Cabo del Sol,4.5-Star Deluxe Villa,,4,4.5,8
https://www.cabovillas.com/properties.asp?PID=624,https://www.cabovillas.com/Properties/Villas/Hollywood_House/FULL/Hollywood_House-1.jpg?width=486,CABO SAN LUCAS,Hollywood House,Modern Architecture & Luxury in Cabo,5.5-Star Luxury Villa,,4,4.5,12
https://www.cabovillas.com/properties.asp?PID=17,https://www.cabovillas.com/Properties/Villas/Villa_Sol_y_Luna/FULL/Villa_Sol_y_Luna-1.jpg?width=486,CABO SAN LUCAS,Villa Sol y Luna,Enjoy Pacific Ocean Views from This Lovely Ca...,4-Star Deluxe Villa,,4,4.5,14
https://www.cabovillas.com/properties.asp?PID=654,https://www.cabovillas.com/Properties/Villas/Villa_Nazar/FULL/Villa_Nazar-1.jpg?width=486,CABO SAN LUCAS,Villa Nazar,Modern Style & Ocean Views in Pedregal,5.5-Star Luxury Villa,,4,4.5,8
https://www.cabovillas.com/properties.asp?PID=89,https://www.cabovillas.com/Properties/Villas/Sunrise_Villa/FULL/Sunrise_Villa-1.jpg?width=486,CABO SAN LUCAS,Sunrise Villa,Enchanting Villa with Lovely Views of Ocean &...,5-Star Luxury Villa,,8,8.5,31
https://www.cabovillas.com/properties.asp?PID=652,https://www.cabovillas.com/Properties/Villas/Casa_Sonrisa/FULL/Casa_Sonrisa-1.jpg?width=486,SAN JOSÉ DEL CABO,Casa Sonrisa,Luxury Oasis with Golf & Ocean Views,5.5-Star Luxury Villa,,5,5,8
