google-symbols,hfpxzc href,qBF1Pd,MW4etd,UY7F9,W4Efsd,W4Efsd (2),FQ2IWe src,wcldff,fontBodySmall,google-symbols (2),fontBodySmall (2),google-symbols (3),fontBodySmall (3),google-symbols (4),fontBodySmall (4),bI9ohc src,zbZ1Ee,fontLabelMedium,fontBodySmall (5),doJOZc,W4Efsd (3),e4rVHe,jHLihd,google-symbols (5),bm892c href,LDHnMb,c2ePGf,NlVald
,,,,,,,,,,,,,,,,,,,,,,,,,,,,
,https://www.google.com/maps/place/Casa+Dorada+Resort+%26+Spa/data=!4m10!3m9!1s0x86af4afcd5a01b09:0xd99a34adb24fd432!5m2!4m1!1i2!8m2!3d22.8881266!4d-109.9049952!16s%2Fg%2F1tddsmrm!19sChIJCRug1fxKr4YRMtRPsq00mtk?authuser=0&hl=en&rclk=1,Casa Dorada Resort & Spa,4.5,"(1,698)",5-star hotel,Upscale getaway with pools & dining,https://lh5.googleusercontent.com/p/AF1QipPR1kOZsTVFi8zWGpvyxVA40pMqWnuutmentExe=w97-h92-k-no,"MX$5,213",Pool,,Spa,,Free parking,,Free Wi-Fi,,,,,,,,,,,,,
,https://www.google.com/maps/place/Waldorf+Astoria+Los+Cabos+Pedregal/data=!4m10!3m9!1s0x86af4b525b2a8809:0x1de878484f2c3d7f!5m2!4m1!1i2!8m2!3d22.8747501!4d-109.912132!16s%2Fg%2F1thpx88r!19sChIJCYgqW1JLr4YRfz0sT0h46B0?authuser=0&hl=en&rclk=1,Waldorf Astoria Los Cabos Pedregal,4.8,"(1,820)",5-star hotel,Posh beachfront lodging with a spa,https://lh5.googleusercontent.com/p/AF1QipOZOU3xeGOBz-LFsWX9zgyG92xuaaWu-OC7WhHD=w123-h92-k-no,MX$51.2K,Pool,,Spa,,Free parking,,Free Wi-Fi,,,,,,,,,,,,,
,https://www.google.com/maps/place/Montage+Los+Cabos/data=!4m10!3m9!1s0x86af4c487fe29405:0x989dfda25e24f724!5m2!4m1!1i2!8m2!3d22.9301647!4d-109.8163781!16s%2Fg%2F11cly3tp06!19sChIJBZTif0hMr4YRJPckXqL9nZg?authuser=0&hl=en&rclk=1,Montage Los Cabos,4.8,"(1,320)",5-star hotel,Refined beachfront resort with a spa,https://lh3.googleusercontent.com/gps-proxy/ALd4DhHBHJUzU3zxb2eHLRojUomXLsOfRtB-OXA6UGGE2kahgS7HD2RNZ1Z_x-UzcrxdhYXGAz6bJF7P-b6ru-h8oLvVlAGPzTx9N_yayX7lJG4f70iL0HGfBK3ouRh7tYaz5C_oj3ecfYF6pymDO0frm4xJlZ-cBAAM94Xp6vUMfnxW-kObeJ5l6ew=w146-h92-k-no,MX$42.5K,Pool,,Spa,,Free parking,,Free Wi-Fi,,,,,,,,,,,,,
,https://www.google.com/maps/place/Grand+Velas/data=!4m10!3m9!1s0x86af4e70f5fdae39:0xdd31fe13668ab9ac!5m2!4m1!1i2!8m2!3d22.9683891!4d-109.7921846!16s%2Fg%2F11c509t_n1!19sChIJOa799XBOr4YRrLmKZhP-Md0?authuser=0&hl=en&rclk=1,Grand Velas,4.8,"(2,984)",5-star hotel,Choice beach hotel with pools & a spa,https://lh3.googleusercontent.com/gps-proxy/ALd4DhEg-3QUi71YunXfFoo4QvZumzqSoXwmHiIJZu-gRIcM8rstkTFDK7akzf5C5JQ4rDyHwZDc-YFo2A-b_Lij9UWHFd44-qhwfFHVQfb-fy2WR0FRrtWdkr2WCev6qWHtfGfD5LIIK2eF5-k84F3oCMc0GEVdr5ptKGQIRoo6FOmLoQoW750P9CFF=w138-h92-k-no,MX$31.5K,Pool,,Spa,,Free parking,,Free Wi-Fi,,,,,,,,,,,,,
,"https://www.google.com/maps/place/Solaz,+a+Luxury+Collection+Resort,+Los+Cabos/data=!4m10!3m9!1s0x86af4f3a8753c66d:0xd3c27314537cafff!5m2!4m1!1i2!8m2!3d22.974162!4d-109.7813192!16s%2Fg%2F11nx1_3t79!19sChIJbcZThzpPr4YR_698UxRzwtM?authuser=0&hl=en&rclk=1","Solaz, a Luxury Collection Resort, Los Cabos",4.5,(547),5-star hotel,,https://lh5.googleusercontent.com/p/AF1QipOpoQFru3OvgNfogYB3IY9k2zLDLJ2aVY5ob8Bi=w138-h92-k-no,MX$26.9K,Pool,,Spa,,Free parking,,Free Wi-Fi,,,,,,,,,,,,,
,https://www.google.com/maps/place/Hilton+Los+Cabos+Beach+%26+Golf+Resort/data=!4m10!3m9!1s0x86af4e1eaff0dea9:0x29bf336b902030e4!5m2!4m1!1i2!8m2!3d22.9814035!4d-109.7645158!16s%2Fg%2F11b6mqxctg!19sChIJqd7wrx5Or4YR5DAgkGszvyk?authuser=0&hl=en&rclk=1,Hilton Los Cabos Beach & Golf Resort,4.6,"(2,497)",5-star hotel,Upscale beachfront resort with dining,https://lh5.googleusercontent.com/p/AF1QipNBfb5CRqzzCBrzV17NeMElQXdVWueaUjEgb0oj=w137-h92-k-no,MX$11.9K,Pool,,Spa,,Free parking,,Beach access,https://www.gstatic.com/images/travel/tips/similar_hotel_small.svg,Similar to Waldorf Astoria Los Cabos Pedregal,,,,,,,,,,,
,"https://www.google.com/maps/place/Esperanza,+Auberge+Resorts+Collection/data=!4m10!3m9!1s0x86af4c81967a3e8d:0x664b07c95ddf8df8!5m2!4m1!1i2!8m2!3d22.9017065!4d-109.8526149!16s%2Fg%2F1hm4ml1p1!19sChIJjT56loFMr4YR-I3fXckHS2Y?authuser=0&hl=en&rclk=1","Esperanza, Auberge Resorts Collection",4.8,"(1,178)",5-star hotel,Chic oceanside lodging with a pool,https://lh3.googleusercontent.com/gps-proxy/ALd4DhFV7MSNdiv3d4FXkLC9sk3SCzh75J2lWFQFS2loqHdizmJUV3yNm_wS_lee2AYWmd1MgyJBRi-Osio0WGILnNOx5UP40npLlxInGtcpRdXVdEY5aw7UZx-Ofw4X4c3YkVQ4RDc_36q0U39pOWUnFf-hrbAtY0oD_zBC8itJE1LrGe1q-U0Zp9_Lqg=w138-h92-k-no,MX$28.6K,Pool,,Spa,,Free parking,,Free Wi-Fi,,,,,,,,,,,,,
,https://www.google.com/maps/place/Zo%C3%ABtry+Casa+del+Mar+Los+Cabos/data=!4m10!3m9!1s0x81345fbc03ca8a85:0xb11b109b14edb207!5m2!4m1!1i2!8m2!3d22.976815!4d-109.7712473!16s%2Fg%2F12vrbsks6!19sChIJhYrKA7xfNIERB7LtFJsQG7E?authuser=0&hl=en&rclk=1,Zoëtry Casa del Mar Los Cabos,4.6,(903),5-star hotel,Posh boutique hotel with dining & a spa,https://lh3.googleusercontent.com/gps-proxy/ALd4DhEzzKG3j-kn0PHBHsEB0S1FmwRKqGQRTlUgFT25hp58LhXPRGqPoO_NZbRnzJ6EcBPF3VjdkkjVOfQSc0NZU4eAA_s8gDw5JI_WRE7nOoqqf9D-xfyvS-ihMP37iVshUci8aFZ8fLBLTvQdAcMNbh4udpcQJ622uVHhO7JIoZDJ4uGCc1jQsmrR=w122-h92-k-no,MX$11K,Pool,,Spa,,Free Wi-Fi,,Beach access,,,DEAL,24% less than usual,,,,,,,,,
,https://www.google.com/maps/place/Le+Blanc+Spa+Resort+Los+Cabos+All+Inclusive+Adults+Only/data=!4m10!3m9!1s0x86af4ff376901a11:0x8977b697ebe4c869!5m2!4m1!1i2!8m2!3d22.9717572!4d-109.7856389!16s%2Fg%2F11cncy86rt!19sChIJERqQdvNPr4YRacjk65e2d4k?authuser=0&hl=en&rclk=1,Le Blanc Spa Resort Los Cabos All Inclusive Adults Only,4.5,"(1,953)",5-star hotel,Posh all-inclusive beachfront resort,https://lh3.googleusercontent.com/gps-proxy/ALd4DhGnyQ4fpEyV4OPUIvRW8aYI6YRgzoysKEOJFSwHrkSabAP2dd0DL3EmPkAYtrHa5oiDlIHYhTMXjT79ukU6gb2eQbUHTPcrYomj9AcMbK8GycIVkcs-bGqdqYfPDNEHKtkPyZiCn5CzFosg5KOKOzOv-05CdB-CBTK_qYZedwF2igYA6HVYni89cw=w138-h92-k-no,MX$26.5K,Pool,,Free parking,,Beach access,,Air-conditioned,,,,,,,,,,,,,
,"https://www.google.com/maps/place/Marquis+Los+Cabos,+An+All-Inclusive,+Adults+Only+%26+No+Timeshare+Resort/data=!4m10!3m9!1s0x86af4a7ef6a8f86d:0x86fdaa78078ddfe1!5m2!4m1!1i2!8m2!3d22.9862182!4d-109.7578952!16s%2Fg%2F1tqpzpkw!19sChIJbfio9n5Kr4YR4d-NB3iq_YY?authuser=0&hl=en&rclk=1","Marquis Los Cabos, An All-Inclusive, Adults Only & No Timeshare Resort",4.5,"(1,918)",5-star hotel,"Lavish, all-inclusive beach resort",https://lh5.googleusercontent.com/p/AF1QipMA6XY8y0iH7XxXQFUw2TqHm4kIlgWmZRtxg3To=w157-h92-k-no,MX$15.8K,Pool,,Spa,,Free parking,,Free Wi-Fi,,,,,,,,,,,,,
,https://www.google.com/maps/place/Diamante+Cabo+San+Lucas/data=!4m10!3m9!1s0x86af358540000001:0xa7deb0ded19dc48a!5m2!4m1!1i2!8m2!3d22.8969766!4d-109.9823445!16s%2Fg%2F1tjy1yph!19sChIJAQAAQIU1r4YRisSd0d6w3qc?authuser=0&hl=en&rclk=1,Diamante Cabo San Lucas,4.6,"(3,288)",4-star hotel,·,https://lh5.googleusercontent.com/p/AF1QipOJcDjUEnuGe-0_Uyu2jF9UvaM_BkxdbsqTlqMo=w163-h92-k-no,MX$12.2K,Pool,,Spa,,Free parking,,Free breakfast,https://www.gstatic.com/images/travel/tips/similar_hotel_small.svg,Similar to Casa Dorada Resort & Spa,,,,Lavish golf resort with a private beach,,,,,,,
,"https://www.google.com/maps/place/The+Cape,+A+Thompson+Hotel,+by+Hyatt/data=!4m10!3m9!1s0x86af4b70b62941fd:0x78b79ea3013b4225!5m2!4m1!1i2!8m2!3d22.8986271!4d-109.8670559!16s%2Fg%2F11bw5098gd!19sChIJ_UEptnBLr4YRJUI7AaOet3g?authuser=0&hl=en&rclk=1","The Cape, A Thompson Hotel, by Hyatt",4.7,"(1,617)",5-star hotel,Luxe hotel with a private beach & a spa,https://lh5.googleusercontent.com/p/AF1QipNAQaqTg-P15nzEFXHHa-JcvUSj6EUtomfwlQE=w137-h92-k-no,MX$15.3K,Pool,,Spa,,Free parking,,Free Wi-Fi,,,,,,,,,,,,,
,"https://www.google.com/maps/place/Hacienda+del+Mar+Los+Cabos,+Autograph+Collection/data=!4m10!3m9!1s0x86af4dc910314a39:0xccee797e41d4abe1!5m2!4m1!1i2!8m2!3d22.9157515!4d-109.8346842!16s%2Fg%2F11y33h5y7z!19sChIJOUoxEMlNr4YR4avUQX557sw?authuser=0&hl=en&rclk=1","Hacienda del Mar Los Cabos, Autograph Collection",3.8,(37),Hotel,,https://lh3.googleusercontent.com/gps-proxy/ALd4DhGDA1oigKGB62FmFVoi3i0FzQhPlSDHj9gbRZiwkoI8HHNio2G0K7k9tb3N5tzKxf88MqPuRWnx22CUBkZErXwP-5Xc0lSVgPzI5xbsp4jDezL35_Op_QFymA-Jo3JVlCjCGk_lyf9lZQnFRuYhMt9jxzsWv5OKlZNzkhXmABSNcczD_x-ocMGS=w138-h92-k-no,"MX$5,493",Pool,,Spa,,Free parking,,Free Wi-Fi,,,DEAL,24% less than usual,,,,,,,,,
,https://www.google.com/maps/place/Hacienda+Beach+Club+%26+Residences/data=!4m10!3m9!1s0x86af4ae3df99b40d:0x4f2bffdd1a59de4a!5m2!4m1!1i2!8m2!3d22.8844783!4d-109.9062697!16s%2Fg%2F1hhk65ftl!19sChIJDbSZ3-NKr4YRSt5ZGt3_K08?authuser=0&hl=en&rclk=1,Hacienda Beach Club & Residences,4.6,"(1,403)",5-star hotel,Luxury resort with a private beach,https://lh3.googleusercontent.com/gps-proxy/ALd4DhFyl2q3vyo-0k0YIRYsmXtATW_Ufo2kEKGvAFctF_gWJXE9ZLjfZN312NEhIuogf1BDBdtJdYcNcB_k8bXfvEx0UN7mzdRUF_4nvVVBvqYHnzlvZlasCQwiPJc_0EIUghOKdUpCy7lPeiSYHjkiduCnSvRQvWHfaR1FBzniLdYPw_TGRK7DgwAF=w137-h92-k-no,MX$31.5K,Pool,,Spa,,Free parking,,Free Wi-Fi,,,,,,,,,,,,,
,"https://www.google.com/maps/place/Las+Ventanas+al+Paraiso,+A+Rosewood+Resort/data=!4m10!3m9!1s0x86af5a624b9a6307:0xd27847cf6d36f605!5m2!4m1!1i2!8m2!3d22.9788095!4d-109.7698828!16s%2Fg%2F1ygbbbdjf!19sChIJB2OaS2Jar4YRBfY2bc9HeNI?authuser=0&hl=en&rclk=1","Las Ventanas al Paraiso, A Rosewood Resort",4.8,"(1,383)",5-star hotel,Luxe beach resort with dining & a spa,https://lh3.googleusercontent.com/gps-proxy/ALd4DhED42TvkbuAk1EALx19O0WjtWTIkbHN5KswUMO1TuMwVr52PuwXWqcCi7FEUU8usBBQWdJyA5t-P0-Ec74kyEqArmeJmf49bM7GUtHkXWsyFHtMMpwviwdo--Mw1geOpXkbgavoz61gzH-6HHMunJYnYdNUeOAouJfV3XR2BTEx7bZ1iMW6aErl=w132-h92-k-no,MX$42K,Pool,,Spa,,Free parking,,Free Wi-Fi,,,,,,,,,,,,,
,https://www.google.com/maps/place/Nobu+Hotel+Los+Cabos/data=!4m10!3m9!1s0x86af35f8e86149d7:0xee9a19a2c35cfbae!5m2!4m1!1i2!8m2!3d22.8849373!4d-109.9835661!16s%2Fg%2F11gcxzl39v!19sChIJ10lh6Pg1r4YRrvtcw6IZmu4?authuser=0&hl=en&rclk=1,Nobu Hotel Los Cabos,4.5,"(1,555)",5-star hotel,Swanky beachfront resort with a spa,https://lh3.googleusercontent.com/gps-proxy/ALd4DhFbfj_zb3Nasbp91BYD1USYKFlNAplqgvQHjwH9BE3VtLbC_p0oFhBm899iVhxXWVVxPXLihqCWhIS6dunMkVp9c29hJUCqiK6GdS-CiesKtmug_alKvmM2POZSVJ4L-VrYuYdkAMTsdtZ-texikhMO6RzNaKvNqgFstMEikK171VQvq8Gaus2N=w138-h92-k-no,MX$10.8K,Pool,,Spa,,Free parking,,Free Wi-Fi,,,,,,,,,,,,,
,https://www.google.com/maps/place/Pueblo+Bonito+Pacifica+Golf+%26+Spa+Resort/data=!4m10!3m9!1s0x86af4a913aa7857b:0x7a55ccc16575730c!5m2!4m1!1i2!8m2!3d22.8744327!4d-109.9392104!16s%2Fg%2F1tf_hvqv!19sChIJe4WnOpFKr4YRDHN1ZcHMVXo?authuser=0&hl=en&rclk=1,Pueblo Bonito Pacifica Golf & Spa Resort,4.5,"(1,877)",5-star hotel,Posh all-inclusive resort with a beach,https://lh3.googleusercontent.com/gps-proxy/ALd4DhGzKDHEkXBAhVgRE8bUH2FN4Z5-TqtvgJ---ZEKQxzFCS-DeVPu8z0vbHH03b1iGE0t9Cj2n4YU7te9HQ5EumuoyC0tUvgnGXGSNOaUxge1U6Du9h97SPhKD_rCRHSWLmFErGNqxOTCxpYuJqNMGhtcZiSWjakJcmKSULkvw9rvobWFktyW1t4=w147-h92-k-no,"MX$7,845",Pool,,Spa,,Free parking,,Free breakfast,,,GREAT DEAL,26% less than usual,,,,,,,,,
,https://www.google.com/maps/place/Grand+Solmar+Land%27s+End+Resort+%26+Spa/data=!4m10!3m9!1s0x86af4b206be3ffff:0x8739458f646f547b!5m2!4m1!1i2!8m2!3d22.8761456!4d-109.9034719!16s%2Fg%2F11fmz1npvg!19sChIJ___jayBLr4YRe1RvZI9FOYc?authuser=0&hl=en&rclk=1,Grand Solmar Land's End Resort & Spa,4.5,(534),Hotel,Refined beachfront lodging with dining,https://lh3.googleusercontent.com/gps-proxy/ALd4DhGXyq8JUPYLfLL8eQZoJK0ctONnmfVtO8DyqcQjUD1vIcC8UI86YMLTnFl4KcWD4GGPRJB3coLsWgKrrz2KfHKf1Pyv-wvKYoXK6XkPXFthHZe8jeP0dUEVZFlkBAQ7Q6cHXUu55hLKEccVvoeuW9BNlr11L_ROBQlirNWN6QXzzChQdOudRUWU=w138-h92-k-no,MX$14.6K,Pool,,Spa,,Free parking,,Free Wi-Fi,,,,,,,,,,,,,
,https://www.google.com/maps/place/Hyatt+Vacation+Club+at+Sirena+del+Mar/data=!4m10!3m9!1s0x86af4b7970ab6cfb:0x65397cac8c5e80c4!5m2!4m1!1i2!8m2!3d22.8997719!4d-109.8630616!16s%2Fg%2F1tdqp2hb!19sChIJ-2yrcHlLr4YRxIBejKx8OWU?authuser=0&hl=en&rclk=1,Hyatt Vacation Club at Sirena del Mar,4.5,"(1,262)",4-star hotel,Chic seafront hotel with pools & dining,https://lh3.googleusercontent.com/gps-proxy/ALd4DhEG3pV3_jWVGfinMGsfImFxnlEl3ZOncfFRQWaoCMSLn_6fkDkwv6L6iupsXWFuvGn1SICEOecKaIeG3G0YEq9iiAfADDepzKIYmZRXVJlL9GEAM4bVX3t_ZfUX2RH1JJA_ruyBZBNR07Of1sgRsPEEtAiD5fWnJ34uQSlwaDk74hEMxZyA4THPBg=w140-h92-k-no,"MX$7,301",Pool,,Spa,,Free parking,,Free Wi-Fi,,,,,,,,,,,,,
,https://www.google.com/maps/place/SUNSET+Beach+Golf+%26+Spa+Resort+Pueblo+Bonito/data=!4m10!3m9!1s0x86af4a95c7f563db:0x26b2a5f500a6affd!5m2!4m1!1i2!8m2!3d22.8751357!4d-109.9303941!16s%2Fg%2F11bccjklpr!19sChIJ22P1x5VKr4YR_a-mAPWlsiY?authuser=0&hl=en&rclk=1,SUNSET Beach Golf & Spa Resort Pueblo Bonito,4.6,"(10,558)",5-star hotel,Upscale beachfront resort with 6 pools,https://lh3.googleusercontent.com/gps-proxy/ALd4DhG0Yhzxckty83KDGCtKHzETy9RF55Xkjgz6k6XgYrPpmXWl-H067IKB3RJ56HqU7ob2J5wdTPEyYxlcOWOnkAJ_pFdGi1XvujXXL84381z-ea-020hgj9XnGnMoFpyvLO-caHGzRfVgEMhfbWLX8gsYarADaw-QQm3g45yYV2mJ27Mm1bmMLsjO=w138-h92-k-no,MX$15.8K,Pool,,Spa,,Free parking,,Free breakfast,,,,,,,,,,,,,
,https://www.google.com/maps/place/SUNSET+Beach+Golf+%26+Spa+Resort+Pueblo+Bonito/data=!4m10!3m9!1s0x86af4a95c7f563db:0x26b2a5f500a6affd!5m2!4m1!1i2!8m2!3d22.8751357!4d-109.9303941!16s%2Fg%2F11bccjklpr!19sChIJ22P1x5VKr4YR_a-mAPWlsiY?authuser=0&hl=en&rclk=1,SUNSET Beach Golf & Spa Resort Pueblo Bonito,4.6,"(10,558)",5-star hotel,Upscale beachfront resort with 6 pools,https://lh3.googleusercontent.com/gps-proxy/ALd4DhG0Yhzxckty83KDGCtKHzETy9RF55Xkjgz6k6XgYrPpmXWl-H067IKB3RJ56HqU7ob2J5wdTPEyYxlcOWOnkAJ_pFdGi1XvujXXL84381z-ea-020hgj9XnGnMoFpyvLO-caHGzRfVgEMhfbWLX8gsYarADaw-QQm3g45yYV2mJ27Mm1bmMLsjO=w138-h92-k-no,MX$15.8K,Pool,,Spa,,Free parking,,Free breakfast,,,,,,,,,,,,,
,https://www.google.com/maps/place/Hyatt+Vacation+Club+at+Sirena+del+Mar/data=!4m10!3m9!1s0x86af4b7970ab6cfb:0x65397cac8c5e80c4!5m2!4m1!1i2!8m2!3d22.8997719!4d-109.8630616!16s%2Fg%2F1tdqp2hb!19sChIJ-2yrcHlLr4YRxIBejKx8OWU?authuser=0&hl=en&rclk=1,Hyatt Vacation Club at Sirena del Mar,4.5,"(1,262)",4-star hotel,Chic seafront hotel with pools & dining,https://lh3.googleusercontent.com/gps-proxy/ALd4DhEG3pV3_jWVGfinMGsfImFxnlEl3ZOncfFRQWaoCMSLn_6fkDkwv6L6iupsXWFuvGn1SICEOecKaIeG3G0YEq9iiAfADDepzKIYmZRXVJlL9GEAM4bVX3t_ZfUX2RH1JJA_ruyBZBNR07Of1sgRsPEEtAiD5fWnJ34uQSlwaDk74hEMxZyA4THPBg=w140-h92-k-no,"MX$7,301",Pool,,Spa,,Free parking,,Free Wi-Fi,,,,,,,,,,,,,
,https://www.google.com/maps/place/Solmar+Resort/data=!4m10!3m9!1s0x86af4ae07779bd89:0x4dee6b776a6925bf!5m2!4m1!1i2!8m2!3d22.876556!4d-109.9035334!16s%2Fg%2F1pt_cfwxr!19sChIJib15d-BKr4YRvyVpandr7k0?authuser=0&hl=en&rclk=1,Solmar Resort,4.5,"(3,680)",4-star hotel,Laid-back all-suite resort on the beach,https://lh5.googleusercontent.com/p/AF1QipO1JNQvJDIux0snozlWrD6WA2kJTtc_aAl1zv7t=w138-h92-k-no,MX$18.9K,Pool,,Spa,,Free parking,,Free Wi-Fi,,,,,,,,,,,,,
,https://www.google.com/maps/place/Hilton+Grand+Vacations+Club+La+Pacifica+Los+Cabos/data=!4m10!3m9!1s0x86af4e1eb66b08b1:0x7c7f4e5ab53d443d!5m2!4m1!1i2!8m2!3d22.9819107!4d-109.7643094!16s%2Fg%2F11ftl3chf9!19sChIJsQhrth5Or4YRPUQ9tVpOf3w?authuser=0&hl=en&rclk=1,Hilton Grand Vacations Club La Pacifica Los Cabos,4.7,(748),4-star hotel,,https://lh5.googleusercontent.com/p/AF1QipOX84oDxHa21sJFn_OYngJiKvpYKG3gvAH5h22b=w138-h92-k-no,MX$16.9K,Pool,,Spa,,Free parking,,Free Wi-Fi,,,,,,,,,,,,,
,https://www.google.com/maps/place/Vista+Encantada+Spa+Resort+%26+Residences/data=!4m10!3m9!1s0x86af4b007fd42367:0x9646023ba0bb8198!5m2!4m1!1i2!8m2!3d22.9039742!4d-109.8448321!16s%2Fg%2F11fm34m6lm!19sChIJZyPUfwBLr4YRmIG7oDsCRpY?authuser=0&hl=en&rclk=1,Vista Encantada Spa Resort & Residences,4.4,(171),4-star hotel,,https://lh5.googleusercontent.com/p/AF1QipOyCfk27umNbbyEWdiChYshX906SRIIDZF3b6pl=w137-h92-k-no,MX$22.9K,Pool,,Spa,,Free parking,,Free Wi-Fi,,,,,,,,,,,,,
,https://www.google.com/maps/place/Grand+Fiesta+Americana+Los+Cabos+All+Inclusive+Golf+%26+Spa./data=!4m10!3m9!1s0x86af4c42bb88ce47:0xda7a84944547a4ff!5m2!4m1!1i2!8m2!3d22.9207406!4d-109.829281!16s%2Fg%2F1tdn4jn7!19sChIJR86Iu0JMr4YR_6RHRZSEeto?authuser=0&hl=en&rclk=1,Grand Fiesta Americana Los Cabos All Inclusive Golf & Spa.,4.5,"(4,775)",5-star hotel,Upscale retreat with pools & golf,https://lh5.googleusercontent.com/p/AF1QipNXmafTW7PVZtVCO_gpGx3jGZeY0wqAYA8pO-jo=w138-h92-k-no,MX$18.4K,Pool,,Spa,,Free parking,,Free breakfast,,,,,,,,,,,,,
,https://www.google.com/maps/place/Villa+La+Estancia+Cabo+San+Lucas/data=!4m10!3m9!1s0x86af5081d7031c75:0x305f2e415eab079a!5m2!4m1!1i2!8m2!3d22.8941235!4d-109.8978216!16s%2Fg%2F12hkh68vg!19sChIJdRwD14FQr4YRmgerXkEuXzA?authuser=0&hl=en&rclk=1,Villa La Estancia Cabo San Lucas,4.6,(567),4-star hotel,Upscale beach hotel with a pool & a spa,https://lh3.googleusercontent.com/gps-proxy/ALd4DhG5LnrIzri09LNInk2mKNBWhDsJgnS_3dgTwIuo4mb6NJjjHWl_7Nc8I8qY5alzP_WQ_Its7a8qUwJV5wgxEMhxdS8NvKYiT4fj8aZNaEb_kk22DkxFOPN3Zrf9ahHVXAtBoTfYVqFqGw-CyuGd07O8mGZBVAnnIrMLM7Xbpr5Ce4SxpBepMHFE=w138-h92-k-no,MX$35.9K,Pool,,Spa,,Free parking,,Free breakfast,,,,,,,,,,,,,
,https://www.google.com/maps/place/Dreams+Los+Cabos+Suites+Golf+Resort+%26+Spa/data=!4m10!3m9!1s0x86af50850f57526d:0x11f4b2e0ba301410!5m2!4m1!1i2!8m2!3d22.9762426!4d-109.7769152!16s%2Fg%2F1thcssj8!19sChIJbVJXD4VQr4YREBQwuuCy9BE?authuser=0&hl=en&rclk=1,Dreams Los Cabos Suites Golf Resort & Spa,4.2,"(3,178)",5-star hotel,"Luxe, all-inclusive hotel on the beach",https://lh5.googleusercontent.com/p/AF1QipMccIHu4s8zNwi__WeBwdn1tN6daZjlXnyla1vg=w163-h92-k-no,MX$15.5K,Pool,,Spa,,Free breakfast,,Free Wi-Fi,,,,,,,,,,,,,
,https://www.google.com/maps/place/Paradisus+Los+Cabos+-+Adults+only+-+The+Leading+Hotels+of+the+World/data=!4m10!3m9!1s0x86af5a5eed1362df:0x2bbfc4d3923ff237!5m2!4m1!1i2!8m2!3d22.980533!4d-109.76642!16s%2Fg%2F1td3rycf!19sChIJ32IT7V5ar4YRN_I_ktPEvys?authuser=0&hl=en&rclk=1,Paradisus Los Cabos - Adults only - The Leading Hotels of the World,4.4,"(2,432)",5-star hotel,,https://lh3.googleusercontent.com/gps-proxy/ALd4DhEAdNBiwSQDBBIkeRm9R7wHOSThZEmA8l08X26YYGOQXpjgQ0D1UhVbKtbhUVceGvJ6zWZKAkftgyb-knd8EN7N5BCUsdCq4WaWiRPdZboqRjB1q0-VGC1K4ln_LMVw7CayYcitEOx2UYL5ikC5gr5f8EtJHk2IbAONdsz3CgSJxQQXAwYgOABPpA=w151-h92-k-no,"MX$9,134",Pool,,Spa,,Free parking,,Free breakfast,,,GREAT DEAL,30% less than usual,,,,,,,,,
,https://www.google.com/maps/place/Hacienda+Encantada+Resort+%26+Residences/data=!4m10!3m9!1s0x86af4c86694761ab:0x284a58367c3c9f97!5m2!4m1!1i2!8m2!3d22.9028761!4d-109.8462424!16s%2Fg%2F11c3k51rwx!19sChIJq2FHaYZMr4YRl588fDZYSig?authuser=0&hl=en&rclk=1,Hacienda Encantada Resort & Residences,4.5,"(3,217)",4-star hotel,Polished hideaway with dining & a spa,https://lh5.googleusercontent.com/p/AF1QipNYYTYRiNNc1rg05mmZZ0hT8gba5wUzghXgyftd=w137-h92-k-no,"MX$4,511",Pool,,Spa,,Free parking,,Free Wi-Fi,,,,,,,,,,,,,
,https://www.google.com/maps/place/Villa+del+Arco+Beach+Resort+%26+Spa/data=!4m10!3m9!1s0x86af4b03ae506c0d:0xf495f181a2b33f4b!5m2!4m1!1i2!8m2!3d22.893875!4d-109.8988731!16s%2Fg%2F11b6d94pl7!19sChIJDWxQrgNLr4YRSz-zooHxlfQ?authuser=0&hl=en&rclk=1,Villa del Arco Beach Resort & Spa,4.5,"(2,198)",5-star hotel,Upscale getaway with swim-up bars,https://lh5.googleusercontent.com/p/AF1QipN41HSPdnGOB5d0-z2w4trpnlnP3yZJRw3UOFA=w163-h92-k-no,"MX$9,732",Pool,,Spa,,Free parking,,Free breakfast,,,,,,,,,,,,,
,https://www.google.com/maps/place/The+Towers+at+Pueblo+Bonito+Pacifica+%E2%80%93+Adults+Only+%E2%80%93+All+Inclusive/data=!4m10!3m9!1s0x86af4a99cc6c809f:0x217bf0dfb500cf4b!5m2!4m1!1i2!8m2!3d22.8738007!4d-109.9381594!16s%2Fg%2F11c1xpz1z7!19sChIJn4BszJlKr4YRS88Atd_weyE?authuser=0&hl=en&rclk=1,The Towers at Pueblo Bonito Pacifica – Adults Only – All Inclusive,4.5,(145),4-star hotel,Ritzy all-inclusive resort on the beach,https://lh3.googleusercontent.com/gps-proxy/ALd4DhHKmc8zmqoazakRCno7_Qpn5-Y6_l-0r3I9KAnaxyDzv7n5xiiwvGTxgmdt5FNOblQNo9nQw2QCdmEnBgiWFE1tSbB2OUdhjzT6SNRUPAZTjDWMmHqUNina3qojy4Bzxdfl6d4_tMtitZwLLIjn2qjCVNhCbb0JpIgPVtTz48mf5vkPbn4IDKRl=w138-h92-k-no,MX$12.5K,Pool,,Spa,,Free parking,,Free breakfast,,,DEAL,24% less than usual,,,,,,,,,
,https://www.google.com/maps/place/1+Homes+Preview+Cabo/data=!4m10!3m9!1s0x86af4b410a41ab13:0x9f5a0ba49b947563!5m2!4m1!1i2!8m2!3d22.8844459!4d-109.9063538!16s%2Fg%2F11nmt3j_zq!19sChIJE6tBCkFLr4YRY3WUm6QLWp8?authuser=0&hl=en&rclk=1,1 Homes Preview Cabo,4.3,(84),5-star hotel,,https://lh5.googleusercontent.com/p/AF1QipNqypfG5siKAPbEYmFGz6tJ5vOYOp1Eu73K_Gbg=w138-h92-k-no,MX$23.4K,Pool,,Spa,,Free parking,,Free Wi-Fi,,,,,,,,,,,,,
,https://www.google.com/maps/place/Garza+Blanca+Resort+%26+Spa+Los+Cabos/data=!4m10!3m9!1s0x86af4fd83234b71b:0xc11c7b8b058c1547!5m2!4m1!1i2!8m2!3d22.9700122!4d-109.7887836!16s%2Fg%2F11g_vkqtmg!19sChIJG7c0MthPr4YRRxWMBYt7HME?authuser=0&hl=en&rclk=1,Garza Blanca Resort & Spa Los Cabos,4.0,(841),5-star hotel,Swanky beach resort with a spa & 8 pools,https://lh3.googleusercontent.com/gps-proxy/ALd4DhFu4JdicYWaPV7HWnQJYQTsfXuXrxLRo36XAm59bQ-NxMuQfyRWAPa4195vMxWGYxvPs3MGgBgpU1ioePIR_BPaTaznwO9f24lomQQTBBdClAQcSYHydpzRtguXrcELA-GxuBrQHDyO8GPXBnq1eQ8EzspoTN-QobwuABPAcG11l1CEz2qCVEw=w138-h92-k-no,MX$11.6K,Pool,,Spa,,Free parking,,Free Wi-Fi,,,,,,,,,,,,,
,https://www.google.com/maps/place/Montecristo+Luxury+Villas+All+Inclusive/data=!4m10!3m9!1s0x86af4a9487c93375:0x824177b8f7db92f9!5m2!4m1!1i2!8m2!3d22.8779786!4d-109.9280492!16s%2Fg%2F11gbk2167l!19sChIJdTPJh5RKr4YR-ZLb97h3QYI?authuser=0&hl=en&rclk=1,Montecristo Luxury Villas All Inclusive,4.8,(124),Hotel,,https://lh3.googleusercontent.com/gps-proxy/ALd4DhER3INaRF2DcW8GlnUVZR1UiCQBIX0-kxE6Hb2A6eVqO0_MXKX_zBFgd94-2taD9oeALO_s-NC47Q49txolcaTPxPiXXArxeCv1RDRTcgZfTTNK4P7RmohvUVPKmGQrZNDakkMFHuUhqXGmBHcUJEGiB8NruRwbiAo7CfN7SAx0L_0CS8_61ABu=w138-h92-k-no,MX$16.1K,Pool,,Free parking,,Free Wi-Fi,,Wi-Fi,,,,,,,,,,,,,
,https://www.google.com/maps/place/Villa+Las+Arenas/data=!4m10!3m9!1s0x86af4b7dfd602a69:0xd1b7e867689b82b2!5m2!4m1!1i2!8m2!3d22.900023!4d-109.85506!16s%2Fg%2F11btv6c9cn!19sChIJaSpg_X1Lr4YRsoKbaGfot9E?authuser=0&hl=en&rclk=1,Villa Las Arenas,4.8,(22),Indoor lodging,,https://lh5.googleusercontent.com/p/AF1QipN9XCvOGraHYZxfomdLZx7KkIta2j6CLpTQDtwu=w122-h92-k-no,MX$35.5K,,,,,,,,,,,,,,,,,,,,
,https://www.google.com/maps/place/Mar+Del+Cabo+by+VELAS+RESORTS/data=!4m10!3m9!1s0x86af4fc1b3f2eed7:0x3846ae134155127b!5m2!4m1!1i2!8m2!3d22.9690292!4d-109.7910802!16s%2Fg%2F11gk5yjzg0!19sChIJ1-7ys8FPr4YRexJVQROuRjg?authuser=0&hl=en&rclk=1,Mar Del Cabo by VELAS RESORTS,4.7,(183),3-star hotel,,https://lh3.googleusercontent.com/gps-proxy/ALd4DhG7ge7hsVzlGlQN6AjodkeOCVlMa0GW8MHogn9wrtNlGNfHHUkqyHOOVD43hbunmqkOBXfvEGLUd-wuFyD2I9MvBPszcovUxzqg7kMMYlq1ngji4tdUSpcMu3qKClATTXePxuD-rEoKog32OOgVT_RefaKD1tCGAaNrrFhtu5lUsBWYZBgaDBDPkg=w138-h92-k-no,"MX$6,142",Pool,,Free Wi-Fi,,Beach access,,Air-conditioned,,,GREAT DEAL,31% less than usual,,,,,,,,,
,https://www.google.com/maps/place/Cabo+bay/data=!4m10!3m9!1s0x86af4afcb554359f:0x8ddb51d0e0b73bcb!5m2!4m1!1i2!8m2!3d22.887717!4d-109.9064663!16s%2Fg%2F11wttq36xt!19sChIJnzVUtfxKr4YRyzu34NBR240?authuser=0&hl=en&rclk=1,Cabo bay,,,Resort hotel,,https://lh3.googleusercontent.com/gps-proxy/ALd4DhF0v-S2p8EhQBQRJ7LDIOKfc7XeatuQG6DgOOAzK0Xxw5HfHUtelZvpI6gLu4xisW2EfzRWtxyIF6_8Mp-Q0IMhX3eDTWGvIZZQhv6LG5QNekYZVLMyaJjafuItKjT-CAquxkk1_jT9HRlJ22SIZyg82hadtmqcFkMv5M7g6tVOQU9Htos2bcwamw=w153-h92-k-no,MX$20.3K,,,,,,,,,,,,,,No reviews,,,,,,
,https://www.google.com/maps/place/Ocean+view+beach+suite/data=!4m10!3m9!1s0x86af4e1ea510e95f:0x63fde3a5e9a7ac31!5m2!4m1!1i2!8m2!3d22.980793!4d-109.764244!16s%2Fg%2F11wtvs83b3!19sChIJX-kQpR5Or4YRMayn6aXj_WM?authuser=0&hl=en&rclk=1,Ocean view beach suite,,,Resort hotel,,https://lh3.googleusercontent.com/gps-proxy/ALd4DhGbJRcAGLGL87HUozYhWIOl-PUEthFzoJALcjetAsYWx7F0ovMK6o_0nEu7bzQ7HZW22xkreq2Lu3zMATnx-8mLtssNj8n7H1OUZmM1ZgLncq8dv7QIf4nHoW8Qv6gbCGgjbS4c2pwr1uffZc4iVvYQ2RsQk2BzH_BeY4EoWV41aLOUQCazuAA=w153-h92-k-no,MX$14.8K,,,,,,,,,,GREAT DEAL,42% less than usual,,,No reviews,,,,,,
,https://www.google.com/maps/place/ME+Cabo+by+Meli%C3%A1/data=!4m10!3m9!1s0x86af4a7dd84e9717:0x53af6fcbf21e3b90!5m2!4m1!1i2!8m2!3d22.889402!4d-109.904181!16s%2Fg%2F1pty6tk23!19sChIJF5dO2H1Kr4YRkDse8stvr1M?authuser=0&hl=en&rclk=1,ME Cabo by Meliá,4.7,"(2,153)",5-star hotel,"Hip, modern beach resort with a spa",https://lh5.googleusercontent.com/p/AF1QipMeOYbUVU29xTjIfbb7a__YwPy7KUsCt0wRLfPF=w137-h92-k-no,MX$11.2K,Pool,,Spa,,Free parking,,Free Wi-Fi,,,,,,,,,,,,,
,https://www.google.com/maps/place/Hard+Rock+Hotel+Los+Cabos+%7C+An+All+Inclusive+Experience/data=!4m10!3m9!1s0x86af351a857efd8d:0xac796cf3472f2af8!5m2!4m1!1i2!8m2!3d22.8836926!4d-109.9807995!16s%2Fg%2F11f6mq51qm!19sChIJjf1-hRo1r4YR-CovR_Nseaw?authuser=0&hl=en&rclk=1,Hard Rock Hotel Los Cabos | An All Inclusive Experience,4.7,"(7,776)",4-star hotel,Upscale all-inclusive hotel with a beach,https://lh3.googleusercontent.com/gps-proxy/ALd4DhHp6a9J68XguSHCdAetM4z57kQWxqTGOSUvWGSUg57h8W5OvsEqRaymv1-cTaRPyjFJZO_iGpsJm2yijVxplLyYEHXKt8IjWnXmBBMzzpG_uHd5tLshKpvexII-aHJ7KjCueavfq6ESL5b-83v6myYOQVKA40LsKLUZVjZI5yJh-_JSP5nuHfK93A=w158-h92-k-no,MX$12.1K,Pool,,Spa,,Free parking,,Free breakfast,,,,,,,,,,,,,
,https://www.google.com/maps/place/Pueblo+Bonito+Montecristo+Estates+Luxury+Villas/data=!4m10!3m9!1s0x86af4af0e08a2dcd:0x91a93077ecbf702f!5m2!4m1!1i2!8m2!3d22.877964!4d-109.928043!16s%2Fg%2F1trsyfwk!19sChIJzS2K4PBKr4YRL3C_7HcwqZE?authuser=0&hl=en&rclk=1,Pueblo Bonito Montecristo Estates Luxury Villas,4.6,(893),4-star hotel,Posh resort with a spa & dining,https://lh3.googleusercontent.com/gps-proxy/ALd4DhHgAlVMCiPmfiTJiBcv11XfNFEChkJtCqts4etHsUbI_4Wo2gQas-KVyzQuZKTVkfqSKkbYyjDCb7n_DIhfc-ayyHscYrnhWmygZVT_FKi9DW9b4FopkGTCck2_MAAl7_N8x6VtwL79U8z_N30iD-SE88yjA3koV8LBArCZ79Zn3bYNny55DIzo=w177-h92-k-no,MX$23.7K,Pool,,Spa,,Free parking,,Free Wi-Fi,,,,,,,,,,,,,
,https://www.google.com/maps/place/Coraz%C3%B3n+Cabo+Resort+%26+Spa/data=!4m10!3m9!1s0x86af4ae32356b2a3:0xf4862f3e4e1c059c!5m2!4m1!1i2!8m2!3d22.8873362!4d-109.9067348!16s%2Fg%2F1v_snn_g!19sChIJo7JWI-NKr4YRnAUcTj4vhvQ?authuser=0&hl=en&rclk=1,Corazón Cabo Resort & Spa,4.2,"(2,231)",4-star hotel,"Casual resort with a spa, dining & pools",https://lh5.googleusercontent.com/p/AF1QipMMyfdLJFbwGRU3SUNwIIgfS2eaMYdxq_MnrO9q=w163-h92-k-no,"MX$6,820",Pool,,Spa,,Free parking,,Free Wi-Fi,,,,,,,,,,,,,
,https://www.google.com/maps/place/Live+Aqua+Private+Residences+Los+Cabos/data=!4m10!3m9!1s0x86af4c69caaf6c63:0x4128baf3aae4ab85!5m2!4m1!1i2!8m2!3d22.9229335!4d-109.8328892!16s%2Fg%2F11h01wz0c4!19sChIJY2yvymlMr4YRhavkqvO6KEE?authuser=0&hl=en&rclk=1,Live Aqua Private Residences Los Cabos,4.8,(336),5-star hotel,,https://lh3.googleusercontent.com/gps-proxy/ALd4DhG4QEJrgdfkfoqIdi43um4x3-6Swy4V1CcJ_BswkaJGUdDH3RNjda7Px4xks-9XqUrBAzFPUK24RCSS6Z1xF14DvN2basD690bIvVnObERr7lP13a-gucHdHcxmQO4Yzz6S5LNtqYsl0gQQE4zsgoKpi00ZEpFAU45TiOT38gloa8JVFAW4P3F6=w138-h92-k-no,MX$14.7K,Pool,,Spa,,Free parking,,Free Wi-Fi,,,,,,,,,,,,,
,https://www.google.com/maps/place/Los+Cabos+Golf+Resort/data=!4m10!3m9!1s0x86af4a53340ceaa5:0xe585695ae6e654c1!5m2!4m1!1i2!8m2!3d22.9071603!4d-109.9022063!16s%2Fg%2F11btv69z4r!19sChIJpeoMNFNKr4YRwVTm5lppheU?authuser=0&hl=en&rclk=1,Los Cabos Golf Resort,4.4,(605),4-star hotel,Casual resort with pools & golf,https://lh3.googleusercontent.com/gps-proxy/ALd4DhFYEvToLXXDBAQkHvBXvZmb3rWlCF3y5xy-FPdLZScDLYJJqPoITVQ--uRwl5ZRn_GlkpFYoMeaR8NCB8aub_R4qLCx0xKXS1jutd-zgKhj7-vwYqfKpLmEI15k8vYcoMSna8qZY6-yh0K3BJO_m8L08mxP5Aa5iizqmJhTn8yYtGfgLBLeW03Z1w=w138-h92-k-no,"MX$2,943",Pool,,Free parking,,Free Wi-Fi,,Air-conditioned,,,,,,,,,,,,,
,"https://www.google.com/maps/place/Villa+La+Valencia+Beach+Resort+%26+Spa+Los+Cabos,+M%C3%A9xico/data=!4m10!3m9!1s0x86af4f68bc8b466f:0xeb1b5dcb1f31d80f!5m2!4m1!1i2!8m2!3d22.9759799!4d-109.7785496!16s%2Fg%2F11j0rsfqjq!19sChIJb0aLvGhPr4YRD9gxH8tdG-s?authuser=0&hl=en&rclk=1","Villa La Valencia Beach Resort & Spa Los Cabos, México",4.1,(561),5-star hotel,Upmarket hotel overlooking the ocean,https://lh5.googleusercontent.com/p/AF1QipM_1Ac-lsV3JAjJR7AruJUrfx0DuWQ3Mj9xviTB=w137-h92-k-no,MX$16K,Pool,,Spa,,Free parking,,Free breakfast,,,,,,,,,,,,,
,https://www.google.com/maps/place/Playa+Grande+Resort+%26+Grand+Spa/data=!4m10!3m9!1s0x86af5081d7031c75:0xc369edbba0449ba6!5m2!4m1!1i2!8m2!3d22.8765328!4d-109.9084561!16s%2Fg%2F1hhh5kkz1!19sChIJdRwD14FQr4YRpptEoLvtacM?authuser=0&hl=en&rclk=1,Playa Grande Resort & Grand Spa,4.5,"(2,799)",4-star hotel,Posh all-suite beach resort with pools,https://lh3.googleusercontent.com/gps-proxy/ALd4DhEnkwnLv2dVLZcE625J1YvTLwY4gyjYmrAtjVwN4HwtGTI-o4EJY2btoU5t1hmC8QSGRI-mVICzCkrJZ2ANAZIHRo3UDgbySo_bSSL56mlPFTq2yDzROMyIcxm2T__r05KWDPI35ygKHkvmWhJ_54NrGtsCJ-EQD2WGZPAk06sDP4GbNaLcLf8=w138-h92-k-no,,Pool,,Spa,,Free parking,,Beach access,,,,,,,,,,,,,
,https://www.google.com/maps/place/Sunrock+Hotel+%26+Suites+Los+Cabos/data=!4m10!3m9!1s0x86af4afc52da9e73:0x865d2ee1fb12a90d!5m2!4m1!1i2!8m2!3d22.8992286!4d-109.8667997!16s%2Fg%2F12vtcztdq!19sChIJc57aUvxKr4YRDakS--EuXYY?authuser=0&hl=en&rclk=1,Sunrock Hotel & Suites Los Cabos,4.4,(766),3-star hotel,Relaxed apartment hotel with 7 pools,https://lh3.googleusercontent.com/gps-proxy/ALd4DhHmzDBNLJi3PzhWc32eYd4kDr9mOHixyCb9wv1fgxyl-9mfo50vEPMlt-3u-Ypf9G8EOKuc6nnRrt-GApnOrRF68p2Dah7nBTwYY8nupuszfG00Lyl56kMyArspbVn83sieIk7ZwDK9gGHYmW9vGb6uXmem6_o21inLYKwHgiGSGf8Cvjj58QvQ=w122-h92-k-no,"MX$1,717",Pool,,Free parking,,Free Wi-Fi,,Beach access,,,,,,,,,,,,,
,https://www.google.com/maps/place/Bahia+Hotel+%26+Beach+House/data=!4m10!3m9!1s0x86af4ae8ab3190cb:0xbad839ca7c90ab4b!5m2!4m1!1i2!8m2!3d22.8882434!4d-109.9058571!16s%2Fg%2F1tjl6bqw!19sChIJy5Axq-hKr4YRS6uQfMo52Lo?authuser=0&hl=en&rclk=1,Bahia Hotel & Beach House,4.3,(539),4-star hotel,Stylish lodging with dining & a pool,https://lh3.googleusercontent.com/gps-proxy/ALd4DhGmL15Cds9lMIl3D9qQSR02xfV45dpDCMtPN4cgj5vgjcIg1QoOQck4A98Kk2J_Mn5tgGCzP_ujfggZY-yHiVvPn4FlM6QGTg8tINv-JWcRho0cE6n6w1CBu9qbnd4hNF6PPYOECuezIwYFbT_wy8y_0iqmE4-GOu7RefR_ZuZM6UG4OhpdpGjR=w163-h92-k-no,"MX$4,920",Pool,,Free breakfast,,Free Wi-Fi,,Beach access,,,,,,,,,,,,,
,https://www.google.com/maps/place/Swuim+up+Junior+Suite/data=!4m10!3m9!1s0x86af4e1eb612ab29:0xe9c21aa89907d95a!5m2!4m1!1i2!8m2!3d22.981476!4d-109.764701!16s%2Fg%2F11wx9nb3h3!19sChIJKasSth5Or4YRWtkHmagawuk?authuser=0&hl=en&rclk=1,Swuim up Junior Suite,,,Resort hotel,,https://lh3.googleusercontent.com/gps-proxy/ALd4DhEQOOqr33z5bqeKwkknXGIQRyVYGHVar630Kj8OKg8sqFxwX6mAYC-5H0OjSmkqD3EPHuwevLjkyhdTJ80GLWRR7DW2tg1N8QwsIOYBO3zVMj1SmaoZeR9soUwVhQiR1xYVcwB2fn_tCuOz-WpLLVqKBh4_sWj1WXMtyuJvY9bPVumcgL5ha1Ha=w153-h92-k-no,MX$29.9K,,,,,,,,,,,,,,No reviews,,,,,,
,https://www.google.com/maps/place/Medano+Hotel+and+Spa/data=!4m10!3m9!1s0x86af4afc613b675f:0x8759acf4ddd1f6ca!5m2!4m1!1i2!8m2!3d22.8907565!4d-109.9067919!16s%2Fg%2F11c5btlzs0!19sChIJX2c7YfxKr4YRyvbR3fSsWYc?authuser=0&hl=en&rclk=1,Medano Hotel and Spa,4.5,(797),4-star hotel,Modern hotel with a coffee bar & a gym,https://lh5.googleusercontent.com/p/AF1QipNJfWxE57uu5sMjpH_TP2G12j4NPbQptOgMGB2i=w137-h92-k-no,"MX$3,410",Pool,,Spa,,Free parking,,Free breakfast,,,,,,,,,,,,,
,https://www.google.com/maps/place/Quivira+Los+Cabos+Condos+and+Homes+-Vacation+Rentals/data=!4m10!3m9!1s0x86af4a9a1b0bc5d7:0x4a913993b641b317!5m2!4m1!1i2!8m2!3d22.8782392!4d-109.9386921!16s%2Fg%2F11fxzw0jkg!19sChIJ18ULG5pKr4YRF7NBtpM5kUo?authuser=0&hl=en&rclk=1,Quivira Los Cabos Condos and Homes -Vacation Rentals,4.0,(12),Hotel,,https://lh3.googleusercontent.com/gps-proxy/ALd4DhGGX9LnzeHUa2T4oPoThMT-b4QC4LH6Pn9rle7fQvwdUafzxY5BxX8U2PJMOUNEjxT3HPCBQNvAmJbc48k_s6bvojyqMIG1NxbcLW8ONcw5NQut2VJdLHVWVvg0netHvv3FBCqSvMJVRTrUv71HFL_FBV-O_ZCML1xWX8nbaT6xPXv7Iaoj3IAK=w138-h92-k-no,MX$14.5K,,,,,,,,,,,,,,,,,,,,
,https://www.google.com/maps/place/Sandos+Finisterra/data=!4m10!3m9!1s0x86af4ae771a2a83d:0x1cc62fe68d4c5ecb!5m2!4m1!1i2!8m2!3d22.8764546!4d-109.9102077!16s%2Fg%2F1q6j7v0zc!19sChIJPaiicedKr4YRy15MjeYvxhw?authuser=0&hl=en&rclk=1,Sandos Finisterra,4.8,"(7,610)",5-star hotel,Chic all-inclusive resort with a spa,https://lh3.googleusercontent.com/gps-proxy/ALd4DhEGJ4uxwhmi3pO6rzGOS6BOj0Cf0vwRbnOb2CqmxOlGgUQAVKH9frx7FHHcglKir1ulp0sXY9OJRKCk6slWoaTi0Z6XICpBuSab3cd5Lxx2l9xJJuX7t4h8L10G4aZooc-WwFIeZytqbi25oVDImcyhUlLo20EH7kKfc8JshS56NE19ACeot6ws9Q=w138-h92-k-no,,Pool,,Spa,,Free parking,,Free breakfast,,,,,,,,,,,,,
,https://www.google.com/maps/place/Hotel+Riu+Palace+Cabo+San+Lucas/data=!4m10!3m9!1s0x86af4b088514f96b:0x1cb2226484702291!5m2!4m1!1i2!8m2!3d22.897555!4d-109.8910277!16s%2Fg%2F1td25wv7!19sChIJa_kUhQhLr4YRkSJwhGQishw?authuser=0&hl=en&rclk=1,Hotel Riu Palace Cabo San Lucas,4.4,"(13,888)",5-star hotel,Swanky all-inclusive resort on the beach,https://lh3.googleusercontent.com/gps-proxy/ALd4DhEUJR_MMWYxdLPiHOowbKga23YI-N_Xi-PshqXGKU-2dYIWlxxpED0YppwzmQP-CjmyNqzzBalcdZjeK8cT07jrbRVZBmpCDGUsIw4UxOyKBzFPJuzU_X74C5Da01w1_bPJX9KEFTn-aYplnba6paq_wSDsWC5IqLUzLgTlEwMm_CEV81wucRoc=w138-h92-k-no,,Pool,,Spa,,Free parking,,Free breakfast,,,,,,,,,,,,,
,https://www.google.com/maps/place/The+Residences+at+Hacienda+Encantada/data=!4m10!3m9!1s0x86af4db583365607:0xd46fe2f01b6d62d0!5m2!4m1!1i2!8m2!3d22.904504!4d-109.848337!16s%2Fg%2F11wtwmrz07!19sChIJB1Y2g7VNr4YR0GJtG_Dib9Q?authuser=0&hl=en&rclk=1,The Residences at Hacienda Encantada,,,Resort hotel,,https://lh5.googleusercontent.com/p/AF1QipOK7bMc0lj8E3wEtNtFmmyk7V-jdA9lyxGG_WTo=w138-h92-k-no,"MX$4,598",Pool,,Spa,,Free parking,,Free Wi-Fi,,,,,,,No reviews,,,,,,
,https://www.google.com/maps/place/El+Encanto+All+Inclusive+Resort/data=!4m10!3m9!1s0x86af4d78cefeb75b:0x83c991ebbc2ccf52!5m2!4m1!1i2!8m2!3d22.903315!4d-109.8470792!16s%2Fg%2F11wj3yy8wk!19sChIJW7f-znhNr4YRUs8svOuRyYM?authuser=0&hl=en&rclk=1,El Encanto All Inclusive Resort,4.0,(9),Hotel,,https://lh5.googleusercontent.com/p/AF1QipORwSqJOslWCM4a4_66OkXWnIewgYGHxxPSxSIK=w138-h92-k-no,,Pool,,Spa,,Free parking,,Free breakfast,,,,,,,,,,,,,
,https://www.google.com/maps/place/Pueblo+Bonito+Blanco+Los+Cabos+Beach+Resort/data=!4m10!3m9!1s0x86af4afd697b58a5:0xb42b82d1df466c75!5m2!4m1!1i2!8m2!3d22.8898069!4d-109.9032276!16s%2Fg%2F11c1wr404l!19sChIJpVh7af1Kr4YRdWxG39GCK7Q?authuser=0&hl=en&rclk=1,Pueblo Bonito Blanco Los Cabos Beach Resort,4.7,"(3,872)",5-star hotel,Relaxed beachfront resort with a pool,https://lh5.googleusercontent.com/p/AF1QipM0OxiBE6_ZtHm-kztd85BFs0Td_1FYA1YgSod6=w133-h92-k-no,,Pool,,Spa,,Free parking,,Free Wi-Fi,,,,,,,,,,,,,
,https://www.google.com/maps/place/Villa+Del+Palmar+Beach+Resort+%26+Spa+Cabo+San+Lucas/data=!4m10!3m9!1s0x86af4be660196c61:0xeda172f11147f5d2!5m2!4m1!1i2!8m2!3d22.894713!4d-109.8968656!16s%2Fg%2F11hkqf_pvf!19sChIJYWwZYOZLr4YR0vVHEfFyoe0?authuser=0&hl=en&rclk=1,Villa Del Palmar Beach Resort & Spa Cabo San Lucas,4.1,"(2,927)",3-star hotel,Informal beachfront resort with pools,https://lh5.googleusercontent.com/p/AF1QipMlibMJNLZMBh8ttYB3qKQP_HCO4CNzBqfXpeKk=w175-h92-k-no,,Pool,,Spa,,Free parking,,Free breakfast,,,,,,,,,,,,,
,https://www.google.com/maps/place/Cabo+Vista+Hotel/data=!4m10!3m9!1s0x86af4af1d1d639b1:0x77e9ab3c4563e9da!5m2!4m1!1i2!8m2!3d22.886982!4d-109.9174895!16s%2Fg%2F11b6zq03m7!19sChIJsTnW0fFKr4YR2uljRTyr6Xc?authuser=0&hl=en&rclk=1,Cabo Vista Hotel,4.7,(591),3-star hotel,Casual adults-only hotel with a garden,https://lh3.googleusercontent.com/gps-proxy/ALd4DhFcImm_yVOlqPIVyWP_-VueyQUGZt3FcEofDJDZV6Dj917eOn4iy8OIMWBadDtK4Af9nrEUVfMOtizoIni_LZvflWNobepyd_66oOTlFuwGnco0RY4WNNnyknFBbYKJ7MhO9cVVORSHkgngLl4FKjWo0j2htvcK-fqlduKZMC8mBrHhieX-1CfQ9g=w152-h92-k-no,"MX$1,384",Pool,,Free parking,,Free breakfast,,Free Wi-Fi,,,,,,,,,,,,,
,https://www.google.com/maps/place/Club+Cascadas+de+Baja/data=!4m10!3m9!1s0x86af4b0288a0173f:0x5613e78441c20fa7!5m2!4m1!1i2!8m2!3d22.8911877!4d-109.9019144!16s%2Fg%2F1tfxh3nj!19sChIJPxegiAJLr4YRpw_CQYTnE1Y?authuser=0&hl=en&rclk=1,Club Cascadas de Baja,4.6,"(1,383)",3-star hotel,Lively beachfront resort with 2 pools,https://lh3.googleusercontent.com/gps-proxy/ALd4DhFHQskbSQuEJY8j6QsjRuKn0vbgX0K2WCiELz4_nsh2O28ngg4bWEk5C0qz7POvEKdvNkhhtyEs_bqvKtM4yRpdhPso6MnZhWujEP4Ukj2JZOQ4KJmTcUm9WdUANNiOmw2bO0iGRIrV4y3rlth7XK7rJ7YtQGOOYZA7XBBPkhOCFOmcntGaPWKv=w136-h92-k-no,,Pool,,Spa,,Free parking,,Free Wi-Fi,,,,,,,,,,,,,
,https://www.google.com/maps/place/Coraz%C3%B3n+Cabo+Resort+%26+Spa/data=!4m10!3m9!1s0x86af4ae32356b2a3:0xf4862f3e4e1c059c!5m2!4m1!1i2!8m2!3d22.8873362!4d-109.9067348!16s%2Fg%2F1v_snn_g!19sChIJo7JWI-NKr4YRnAUcTj4vhvQ?authuser=0&hl=en&rclk=1,Corazón Cabo Resort & Spa,4.2,"(2,231)",4-star hotel,"Casual resort with a spa, dining & pools",https://lh5.googleusercontent.com/p/AF1QipMj2kTDUyXCi_bxrh_9NmCdH_HRNEshpwWdMVXx=w160-h184-p-k-no,"MX$6,289",Spa,,Pool,,All-inclusive available,,Beach access,,,,,,,,Sponsored,,https://www.googleadservices.com/pagead/aclk?sa=L&ai=DChcSEwj9oenK5JGMAxUQM0QIHbUbHeIYABABGgJkeg&co=1&gclid=Cj0KCQjwkN--BhDkARIsAD_mnIqbLp0qiQ5f3G2i1__a5539EwjZCumGNIB1XblsQ18t7pZbVRlxMHoaAmtDEALw_wcB&ohost=www.google.com&cid=CAESVuD2jluvH8XTVyno40z1j0qldwCnEJ4qEHZfn1h-axiIa0mKSJwmUe3gt4G4alT-fzD3Tg8son7KV33I-kX8eof0Tobqj3MBQ6uugUg4VF2qg83fbukM&sig=AOD64_0cfn_aiC_WB0fvPV3GD17k67xBkw&adurl=&rct=j,Cabo's Hottest Luxury Resort,Take In The Iconic Views & Brilliant Blue Waters Of The Sea Of Cortez In Cabo San Lucas.,Visit Site
,https://www.google.com/maps/place/Coraz%C3%B3n+Cabo+Resort+%26+Spa/data=!4m10!3m9!1s0x86af4ae32356b2a3:0xf4862f3e4e1c059c!5m2!4m1!1i2!8m2!3d22.8873362!4d-109.9067348!16s%2Fg%2F1v_snn_g!19sChIJo7JWI-NKr4YRnAUcTj4vhvQ?authuser=0&hl=en&rclk=1,Corazón Cabo Resort & Spa,4.2,"(2,231)",4-star hotel,"Casual resort with a spa, dining & pools",https://lh5.googleusercontent.com/p/AF1QipNc8LQNSqVS9QYZcb8KgwF3fC09HsFPgxpjv_2e=w160-h184-p-k-no,"MX$6,820",Spa,,Pool,,All-inclusive available,,Beach access,,,,,,,,Sponsored,,https://www.googleadservices.com/pagead/aclk?sa=L&ai=DChcSEwi2rs7S5JGMAxW7HEQIHVtNGycYABACGgJkeg&co=1&gclid=Cj0KCQjwkN--BhDkARIsAD_mnIpoIy_D6ctjnGFNqkZXcAzMHnImEFgdgZ0O7wJYiGcAq7Tro7yNpfkaAh1lEALw_wcB&ohost=www.google.com&cid=CAESVuD2Yjvrau2CZTecBg1l4JAtraG_drXc7_GjKlvmAE7bbqGJqNGJvcnixWBJwkkBD8PCbPDPHSBM59kQzL6iF2GDXFU97yg7y9U0XNm2UCboiU-3luKw&sig=AOD64_0DGSaLt5uyFp0J1oyJ-RBbSrvJlg&adurl=&rct=j,In The Heart Of Cabo San Lucas,Take In The Iconic Views & Brilliant Blue Waters Of The Sea Of Cortez In Cabo San Lucas.,Visit Site
,https://www.google.com/maps/place/Pueblo+Bonito+Ros%C3%A9+Resort+%26+Spa/data=!4m10!3m9!1s0x85d1fec2725b848f:0x52d57dd63c4acdf3!5m2!4m1!1i2!8m2!3d22.8915245!4d-109.9038979!16s%2Fg%2F11b6lh_0hn!19sChIJj4RbcsL-0YUR881KPNZ91VI?authuser=0&hl=en&rclk=1,Pueblo Bonito Rosé Resort & Spa,4.5,"(4,730)",5-star hotel,Upscale beach resort with a spa & dining,https://lh3.googleusercontent.com/gps-proxy/ALd4DhGQP7Oi7oDnuU_i5qOQQaRHETEZE7P1j9ya0PAPHDnZ-gpocf6UfI0DUsldFUUQ43gQ4c3kgugfYbGugjFt5KS_BQsoXwV_gg2Vd-hgtTHHKtBd-9rN9j5HPhCtL3SjFWDpZDmShXBdsUCMgBA2ofwStvxTUmS9gHRTEdiiD8Y7-hb5zwqdExi1Vg=w138-h92-k-no,,Pool,,Spa,,Free parking,,Free Wi-Fi,,,,,,,,,,,,,
,https://www.google.com/maps/place/Los+Milagros+Hotel/data=!4m10!3m9!1s0x86af4ae5635b49e9:0x344e78555a01a291!5m2!4m1!1i2!8m2!3d22.8849012!4d-109.9135293!16s%2Fg%2F1tdjrl60!19sChIJ6UlbY-VKr4YRkaIBWlV4TjQ?authuser=0&hl=en&rclk=1,Los Milagros Hotel,4.5,(130),2-star hotel,Relaxed hotel with a pool & free Wi-Fi,https://lh3.googleusercontent.com/gps-proxy/ALd4DhFooYsf3y1yZhDZkFzGNM9SnwRJFifcUTBgas4Bh4F-PAAcyRTM8DljVFt3orSdw7JiMPnTBY82Evso087UN6acanPPd4BPxknbJeeTFo-FD7DIZ1Q9RslVR67b4JHOWXNww9ZZpYeWLJz5O79tOJbL_6jjvX5jKQs8g89jS9ID-rA9yMITKNc=w138-h92-k-no,"MX$1,970",Pool,,Free parking,,Free Wi-Fi,,Air-conditioned,,,,,,,,,,,,,
,https://www.google.com/maps/place/Marina+Fiesta+Resort+%26+Spa/data=!4m10!3m9!1s0x86af4ae484d2e9b3:0x271bb4a17aaef21e!5m2!4m1!1i2!8m2!3d22.8853704!4d-109.9087641!16s%2Fg%2F1tkb5jz6!19sChIJs-nShORKr4YRHvKueqG0Gyc?authuser=0&hl=en&rclk=1,Marina Fiesta Resort & Spa,4.3,"(1,501)",4-star hotel,"Upmarket resort by the beach, plus a spa",https://lh5.googleusercontent.com/p/AF1QipMjqHk2uCKPRa2NAsPAV_MEHuGD9K8lzRaUKSvU=w138-h92-k-no,,Pool,,Spa,,Free parking,,Free Wi-Fi,,,,,,,,,,,,,
,https://www.google.com/maps/place/Novaispania/data=!4m10!3m9!1s0x86af4a9eadb6ac1d:0x8abb1347b3a40a76!5m2!4m1!1i2!8m2!3d22.8774043!4d-109.9423544!16s%2Fg%2F11dxdh0ht_!19sChIJHay2rZ5Kr4YRdgqks0cTu4o?authuser=0&hl=en&rclk=1,Novaispania,4.8,(296),3-star hotel,,https://lh5.googleusercontent.com/p/AF1QipM3O5TroF8q0unWqI3T79E1TJdqkhUbS1Xgwo8H=w140-h92-k-no,,Pool,,Spa,,Free parking,,Wi-Fi,,,,,,,,,,,,,
,"https://www.google.com/maps/place/Fiesta+Americana+Vacation+Club,+Los+Cabos/data=!4m10!3m9!1s0x86af4c42d40cadab:0xb87712ebe48bc5f5!5m2!4m1!1i2!8m2!3d22.920902!4d-109.827975!16s%2Fg%2F11s1j73087!19sChIJq60M1EJMr4YR9cWL5OsSd7g?authuser=0&hl=en&rclk=1","Fiesta Americana Vacation Club, Los Cabos",4.3,(30),Resort hotel,,https://lh5.googleusercontent.com/p/AF1QipPm9fRWUTibVLkd3E9UnkJyFEXhzu34kPQnY_Rd=w199-h92-k-no,,,,,,,,,,,,,,,,,,,,,
,https://www.google.com/maps/place/Penthouse+at+Pacific+Dunes/data=!4m10!3m9!1s0x86af3590c418c431:0x860fe312a10e19a!5m2!4m1!1i2!8m2!3d22.9045121!4d-109.966476!16s%2Fg%2F11y319mf09!19sChIJMcQYxJA1r4YRmuEQKjH-YAg?authuser=0&hl=en&rclk=1,Penthouse at Pacific Dunes,,,Resort hotel,,https://lh3.googleusercontent.com/gps-proxy/ALd4DhHYit-WjL50_qMi8JLxAQu7GJp9EiCGZPe9VbmIuX07PuOxOWw-LYgkf-bJVbYRbiZKkiL3T5oCAiCntgp2WQHXUYhxt4M1dnM8RuYH6Gz8J6WSYtIkD_8OQ-l43SYqYWgcSvq1ryKCjSjaLViVfgAzvEj3zIs0-qcosBrp2OzEBsLk0njGQaEt=w147-h92-k-no,,,,,,,,,,,,,,,No reviews,,,,,,
,https://www.google.com/maps/place/Mantea+Casa+Cabo/data=!4m10!3m9!1s0x86af4b4934865e91:0x23c0b95fe4405e1d!5m2!4m1!1i2!8m2!3d22.8750885!4d-109.9141888!16s%2Fg%2F11h1g20g8w!19sChIJkV6GNElLr4YRHV5A5F-5wCM?authuser=0&hl=en&rclk=1,Mantea Casa Cabo,5.0,(44),Villa,·,https://lh5.googleusercontent.com/p/AF1QipOBm2i6DORy0W8vsOHQnId4RHK66v6-z164NTld=w137-h92-k-no,,,,,,,,,,,,,,Open 24 hours,,,,,,,
,https://www.google.com/maps/place/Hotel+Riu+Santa+Fe/data=!4m10!3m9!1s0x86af4b065793097b:0x3fa3e5f4fc5b86a9!5m2!4m1!1i2!8m2!3d22.8994602!4d-109.8905456!16s%2Fg%2F11clsdf46q!19sChIJewmTVwZLr4YRqYZb_PTloz8?authuser=0&hl=en&rclk=1,Hotel Riu Santa Fe,4.1,"(11,751)",5-star hotel,Lively all-inclusive property with pools,https://lh5.googleusercontent.com/p/AF1QipMLQrLRzweuBakJVP4AAGvuK_OpoIBvIASwU8Zu=w124-h92-k-no,,Pool,,Spa,,Free parking,,Free breakfast,,,,,,,,,,,,,
,https://www.google.com/maps/place/Villa+Bellissima/data=!4m10!3m9!1s0x86af4add581b04eb:0x3dfce2752ff86c0b!5m2!4m1!1i2!8m2!3d22.8754233!4d-109.9132688!16s%2Fg%2F11cnysht3f!19sChIJ6wQbWN1Kr4YRC2z4L3Xi_D0?authuser=0&hl=en&rclk=1,Villa Bellissima,4.9,(98),Villa,·,https://lh5.googleusercontent.com/p/AF1QipN6SMS7ZUlCuVlaqYqM66ZDToLgtPuym8SKY7Wg=w138-h92-k-no,,Pool,,Free parking,,Free breakfast,,Beach access,,,,,,,,,,,,,
,https://www.google.com/maps/place/Cabo+del+Sol/data=!4m10!3m9!1s0x86af4c6538ed6735:0x74c6a2f85309daa9!5m2!4m1!1i2!8m2!3d22.9218099!4d-109.8439338!16s%2Fm%2F04vxnkj!19sChIJNWftOGVMr4YRqdoJU_iixnQ?authuser=0&hl=en&rclk=1,Cabo del Sol,4.6,"(1,541)",Golf course,·,https://lh5.googleusercontent.com/p/AF1QipNIbyNUcnE1WW5mWt4p_WiEqjtdntfVMZ9xml0Q=w122-h92-k-no,,Pool,,Spa,,Free parking,,Free breakfast,,,,,,,,,,,,,
,https://www.google.com/maps/place/Prez+Suite+GrandSolmar+Pacific+Dunes/data=!4m10!3m9!1s0x86af3590d244f063:0x7156bd42ad17f56e!5m2!4m1!1i2!8m2!3d22.904806!4d-109.967308!16s%2Fg%2F11ld3zzhwm!19sChIJY_BE0pA1r4YRbvUXrUK9VnE?authuser=0&hl=en&rclk=1,Prez Suite GrandSolmar Pacific Dunes,,,Resort hotel,,https://lh3.googleusercontent.com/gps-proxy/ALd4DhFr_fLJV1QC1-U0nui9jB54y7JbUe2tLzm2je5P0vBCWrOIMtkwHOTxE2bOwfOdKpi5mg7MGeuUVVjhKQR2MhUPEpgbMpuoQYtx8ve-wqVold42mkUugWdX7PGmMyS1GVted0qSe-sHeKp1XPoFClWaNjcPztIYnvdf9pXuAf19ccnkHc-Rl0Z4=w163-h92-k-no,,,,,,,,,,,,,,,No reviews,,,,,,
,https://www.google.com/maps/place/Norman+Diego%27s+The+Mexican+Inn/data=!4m10!3m9!1s0x86af4afb0eb308e5:0xaadb9c0ffe0362bb!5m2!4m1!1i2!8m2!3d22.886576!4d-109.9146984!16s%2Fg%2F1tfx59_s!19sChIJ5QizDvtKr4YRu2ID_g-c26o?authuser=0&hl=en&rclk=1,Norman Diego's The Mexican Inn,3.9,(129),2-star hotel,Relaxed hotel with a thatched-roof patio,https://lh5.googleusercontent.com/p/AF1QipOonpZ4_PiYQuNw8-_Xec8MBo3uSc4OXWWUZnYO=w80-h99-k-no,"MX$1,098",Free breakfast,,Free Wi-Fi,,Air-conditioned,,Breakfast,,,,,,,,,,,,,
,https://www.google.com/maps/place/Hotel+Riu+Palace+Baja+California/data=!4m10!3m9!1s0x86af4b99c0079ab5:0x972568d308c96254!5m2!4m1!1i2!8m2!3d22.8963261!4d-109.8945247!16s%2Fg%2F11hkthtj8g!19sChIJtZoHwJlLr4YRVGLJCNNoJZc?authuser=0&hl=en&rclk=1,Hotel Riu Palace Baja California,4.1,"(2,189)",Hotel,Lively all-inclusive beachfront hotel,https://lh5.googleusercontent.com/p/AF1QipPRfadA0-gsSdOhv536tZcsAme_xWpK_2etpCRE=w137-h92-k-no,,Pool,,Free parking,,Free breakfast,,Free Wi-Fi,,,,,,,,,,,,,
,https://www.google.com/maps/place/Casa+Las+Rocas+7+Bedrooms+8.5+Bathrooms+Villa/data=!4m10!3m9!1s0x86af4e718ec2cb7d:0xc1a3848cd427476b!5m2!4m1!1i2!8m2!3d22.969259!4d-109.7894144!16s%2Fg%2F11ggbc8qgm!19sChIJfcvCjnFOr4YRa0cn1IyEo8E?authuser=0&hl=en&rclk=1,Casa Las Rocas 7 Bedrooms 8.5 Bathrooms Villa,4.7,(18),Villa,,https://lh5.googleusercontent.com/p/AF1QipOsqn6OYidHhOcQuyZXDwKx6-sdDFBuXpGhCMfO=w80-h106-k-no,,,,,,,,,,,,,,Open now,,,,,,,
,https://www.google.com/maps/place/Ty+Warner+Mansion/data=!4m10!3m9!1s0x86af4e1ba7a90aad:0xbd43dd0149a2da25!5m2!4m1!1i2!8m2!3d22.9771176!4d-109.7671784!16s%2Fg%2F11ggngm509!19sChIJrQqppxtOr4YRJdqiSQHdQ70?authuser=0&hl=en&rclk=1,Ty Warner Mansion,4.6,(10),Resort hotel,High-end oceanfront mansion hotel,https://lh5.googleusercontent.com/p/AF1QipMgQsLaiwurmUmH-1Rt8lSSQgFZ6vvZdpbx2_zh=w283-h92-k-no,,,,,,,,,,,,,,,,,,,,,
,https://www.google.com/maps/place/The+Ridge+at+Playa+Grande/data=!4m10!3m9!1s0x86af4ae0b4bd0235:0x1833b493e6d41abb!5m2!4m1!1i2!8m2!3d22.877365!4d-109.9079799!16s%2Fg%2F1tykvtvt!19sChIJNQK9tOBKr4YRuxrU5pO0Mxg?authuser=0&hl=en&rclk=1,The Ridge at Playa Grande,4.6,(307),4-star hotel,Luxe option with dining & 3 pools,https://lh3.googleusercontent.com/gps-proxy/ALd4DhEPJCS7rFbM0OZkgChObgB4NT6LwRYo05SBRz5nWlUpj7cneFb_kZD9d0205KAvh1paFoDkwJUoVLb-tJY3-k5VbRsDQhvXSOtSVCvr-hnGkDFy4c16H30e6RyctKuxBr-zoN9KYJFaDXm6m8vL_ei-YkubjttIeKfnNGBKoWswMbSpFQ0Z-k8Z=w137-h92-k-no,,Pool,,Spa,,Free parking,,Free Wi-Fi,,,,,,,,,,,,,
,https://www.google.com/maps/place/Casa+Dorado/data=!4m10!3m9!1s0x86af4ac01fa2421b:0xd0779b73da314b25!5m2!4m1!1i2!8m2!3d22.873783!4d-109.924519!16s%2Fg%2F1ptxvg0mn!19sChIJG0KiH8BKr4YRJUsx2nObd9A?authuser=0&hl=en&rclk=1,Casa Dorado,4.6,(34),4-star hotel,Relaxed resort with dining & 2 pools,https://lh5.googleusercontent.com/p/AF1QipMwwi2FRMTDaeNb9X2lLuC8WAbXAaQDzMNHeb6K=w163-h92-k-no,,Pool,,Spa,,Free breakfast,,Beach access,,,,,,,,,,,,,
,https://www.google.com/maps/place/Costa+Brava/data=!4m10!3m9!1s0x86af4e7193e1867f:0xb29bf966195fffba!5m2!4m1!1i2!8m2!3d22.9692993!4d-109.7900161!16s%2Fg%2F11b6z43tc0!19sChIJf4bhk3FOr4YRuv9fGWb5m7I?authuser=0&hl=en&rclk=1,Costa Brava,4.5,(41),Hotel,,https://lh5.googleusercontent.com/p/AF1QipOEt_xbSfqyAOnfwWcwEN75odRCVK9EJHkMIIlf=w163-h92-k-no,,,,,,,,,,,,,,,,,,,,,
,https://www.google.com/maps/place/Marina+Junior+Suite/data=!4m10!3m9!1s0x86af4ae5c4ee08cd:0x54755904a1799094!5m2!4m1!1i2!8m2!3d22.8814102!4d-109.9114229!16s%2Fg%2F11rtcr6nv5!19sChIJzQjuxOVKr4YRlJB5oQRZdVQ?authuser=0&hl=en&rclk=1,Marina Junior Suite,5.0,(1),Resort hotel,,https://lh3.googleusercontent.com/gps-proxy/ALd4DhEsTaDSkBP3TiYap_b7FWCSqYXYgMXtpuAMc0oR_96whDfbYbNIr9XRg5wnB60cvW5_Cx3LZeDNMwTowkn6t_2BJeBYxgd5rgBbAUUYFxBrLTnBVR_ymEsq7iel2tnnUFo6x9TAbsZYFytYZyNKk_hnantLbec8w_b0xolS_lyOmQyPQmuMsFnb=w147-h92-k-no,,,,,,,,,,,,,,,,,,,,,
,https://www.google.com/maps/place/Casa+Mateo/data=!4m10!3m9!1s0x86af4e72a440f9d1:0x7a387d40d83cb253!5m2!4m1!1i2!8m2!3d22.9713903!4d-109.7840148!16s%2Fg%2F11b73knz1h!19sChIJ0flApHJOr4YRU7I82EB9OHo?authuser=0&hl=en&rclk=1,Casa Mateo,4.8,(16),4-star hotel,,https://lh5.googleusercontent.com/p/AF1QipODoa6rp20QYN2nd32Az8di7bC8zt5NUxkEtKeB=w122-h92-k-no,,,,,,,,,,,,,,,,,,,,,
,https://www.google.com/maps/place/Puerta+Cabos+Village/data=!4m10!3m9!1s0x86af4afe73355767:0xf5e1ed79fb37dc85!5m2!4m1!1i2!8m2!3d22.8948329!4d-109.9045861!16s%2Fg%2F1tzgk1zc!19sChIJZ1c1c_5Kr4YRhdw3-3nt4fU?authuser=0&hl=en&rclk=1,Puerta Cabos Village,4.7,(297),4-star hotel,·,https://lh3.googleusercontent.com/gps-proxy/ALd4DhG3U7-LiOK-ZOcJ6yGKvaOC1646kswJboQaopmNDa9aCuReC78YeGjuZAIFYJc5dZ4iG8MgI2t03MDZvwp-pM0LvtO-MRcFm-nib8prM-D3gsBMG7MID4Ff9bRQuHl9enIwNkk9_GYu186U41egYKAoOuZn4qH-LHIinSy9vjj84jLHeoex5lo=w138-h92-k-no,,Pool,,Free parking,,Free breakfast,,Free Wi-Fi,,,,,,,,,,,,,
,https://www.google.com/maps/place/Villa+Renata/data=!4m10!3m9!1s0x86af4b817aff226d:0xa5199aea616e3a6c!5m2!4m1!1i2!8m2!3d22.8999277!4d-109.8561085!16s%2Fg%2F11b7gt6sqp!19sChIJbSL_eoFLr4YRbDpuYeqaGaU?authuser=0&hl=en&rclk=1,Villa Renata,4.9,(27),Villa,·,https://lh5.googleusercontent.com/p/AF1QipPAJSkxDwR04PFPPkGTr7I8hreoivRCoSk6dTRV=w140-h92-k-no,,Pool,,Spa,,Free parking,,Free breakfast,,,,,,Open,,,,,,,
,https://www.google.com/maps/place/Para%C3%ADso+del+Mar+~+Cabo+Sea+Paradise/data=!4m10!3m9!1s0x86af4b0222f70d33:0x1d09df5a26b86530!5m2!4m1!1i2!8m2!3d22.8935961!4d-109.9004287!16s%2Fg%2F11l75tcv85!19sChIJMw33IgJLr4YRMGW4JlrfCR0?authuser=0&hl=en&rclk=1,Paraíso del Mar ~ Cabo Sea Paradise,,,Resort hotel,,https://streetviewpixels-pa.googleapis.com/v1/thumbnail?panoid=t5KzvrE-5vG64wp-YuS4gQ&cb_client=search.gws-prod.gps&w=80&h=92&yaw=222.69505&pitch=0&thumbfov=100,,,,,,,,,,,,,,,No reviews,,,,,,
,https://www.google.com/maps/place/La+Vista+Luxury+Villas+at+Pedregal+%27Pitahaya%27/data=!4m10!3m9!1s0x86af4a67510d6027:0x5d180b5ea7392c86!5m2!4m1!1i2!8m2!3d22.9027837!4d-109.9266681!16s%2Fg%2F11q8vcq2rf!19sChIJJ2ANUWdKr4YRhiw5p14LGF0?authuser=0&hl=en&rclk=1,La Vista Luxury Villas at Pedregal 'Pitahaya',,,Resort hotel,,https://streetviewpixels-pa.googleapis.com/v1/thumbnail?panoid=DJwMUQi-UasZMsRKsPR8Rw&cb_client=search.gws-prod.gps&w=80&h=92&yaw=33.511074&pitch=0&thumbfov=100,,,,,,,,,,,,,,,No reviews,,,,,,
,https://www.google.com/maps/place/Agave+Azul/data=!4m10!3m9!1s0x86af4c65699f68bf:0xbef4da52a0681d16!5m2!4m1!1i2!8m2!3d22.917984!4d-109.84085!16s%2Fg%2F11b73rmvn9!19sChIJv2ifaWVMr4YRFh1ooFLa9L4?authuser=0&hl=en&rclk=1,Agave Azul,4.9,(8),4-star hotel,,https://lh5.googleusercontent.com/p/AF1QipNi4VZR1kRcqe4TQrxWFJd5eVPWB91stFJbBYfX=w138-h92-k-no,,Pool,,Free breakfast,,Free Wi-Fi,,Air-conditioned,,,,,,,,,,,,,
,https://www.google.com/maps/place/Villa+del+Toro+Rojo/data=!4m10!3m9!1s0x86af4ac2821badcb:0xa27428b3c3df88de!5m2!4m1!1i2!8m2!3d22.8749361!4d-109.9165305!16s%2Fg%2F11cm0y6rfr!19sChIJy60bgsJKr4YR3ojfw7ModKI?authuser=0&hl=en&rclk=1,Villa del Toro Rojo,5.0,(55),Villa,,https://lh5.googleusercontent.com/p/AF1QipOnRbLyshg1S9cVz7ke2QAiw-QoP4MJb7xRCw3v=w138-h92-k-no,,Pool,,Free breakfast,,Air-conditioned,,Breakfast,,,,,,Open 24 hours,,,,,,,
,https://www.google.com/maps/place/The+Bungalows+Hotel/data=!4m10!3m9!1s0x86af4aee69d0cd7b:0xe7e9a5cd795dfcfd!5m2!4m1!1i2!8m2!3d22.8837474!4d-109.9182655!16s%2Fg%2F1tg872hk!19sChIJe83Qae5Kr4YR_fxdec2l6ec?authuser=0&hl=en&rclk=1,The Bungalows Hotel,4.9,(224),3-star hotel,Relaxed hotel with an outdoor pool,https://lh3.googleusercontent.com/gps-proxy/ALd4DhGAWsZE6X2QscR-5ASLNO5GL3HCKPYlnBTsfrbFt0carnOJxCqW7BHPCu3u2jYJ3OYInrAAHjz4CpiCGs9rXw4PVEY9hVYPJEHvo1jQbO-HPXlxSmQKfKXS1rhnOdQvNaHUqgxn9oM56WLl848ZuADyA9i3aiAhDK3WdzTPiVSna8nNRpjpPG9Vzg=w138-h92-k-no,,Pool,,Free parking,,Free breakfast,,Free Wi-Fi,,,,,,,,,,,,,
,https://www.google.com/maps/place/Villa+Marcella/data=!4m10!3m9!1s0x86af4ac1ce77558f:0x1d4e14b08accbd0f!5m2!4m1!1i2!8m2!3d22.8730168!4d-109.9224446!16s%2Fg%2F1hjgx48bv!19sChIJj1V3zsFKr4YRD73MirAUTh0?authuser=0&hl=en&rclk=1,Villa Marcella,4.6,(30),Villa,,https://lh5.googleusercontent.com/p/AF1QipMFqr6lAgQtdpDM1sDyux0cNl4Nhe3gxmczMDKO=w137-h92-k-no,,,,,,,,,,,,,,,,,,,,,
,https://www.google.com/maps/place/PUEBLO+BONITO/data=!4m10!3m9!1s0x86af4a8d887faac9:0x5c81fd4d7b852bb8!5m2!4m1!1i2!8m2!3d22.884824!4d-109.929601!16s%2Fg%2F11tdc_8ytc!19sChIJyap_iI1Kr4YRuCuFe039gVw?authuser=0&hl=en&rclk=1,PUEBLO BONITO,3.0,(9),Resort hotel,,https://lh5.googleusercontent.com/p/AF1QipOUB6MSQi6nLs-fOITfur8tk70RrCB0S5ZTb16I=w122-h92-k-no,,,,,,,,,,,,,,,,,,,,,
,https://www.google.com/maps/place/Casa+Luca+6+Bedrooms+6.5+Bathrooms/data=!4m10!3m9!1s0x86af4aea40932189:0xc4f965e5499d70b7!5m2!4m1!1i2!8m2!3d22.87597!4d-109.92149!16s%2Fg%2F11f3y30mct!19sChIJiSGTQOpKr4YRt3CdSeVl-cQ?authuser=0&hl=en&rclk=1,Casa Luca 6 Bedrooms 6.5 Bathrooms,4.4,(5),Inn,,https://lh5.googleusercontent.com/p/AF1QipPjYi2k0lm2g8PaFsXtTYV75W0zbZ5rZ-_DPZOH=w163-h92-k-no,,Free breakfast,,Free Wi-Fi,,Breakfast,,Wi-Fi,,,,,,,,,,,,,
,https://www.google.com/maps/place/L%26L+Collection+Cigue%C3%B1a+Blanca+2+Bedrooms/data=!4m10!3m9!1s0x86af4e721f1cd85f:0x2cc4e5ce85adb2fb!5m2!4m1!1i2!8m2!3d22.9700228!4d-109.7886956!16s%2Fg%2F11x1vggnjc!19sChIJX9gcH3JOr4YR-7Kthc7lxCw?authuser=0&hl=en&rclk=1,L&L Collection Cigueña Blanca 2 Bedrooms,,,Resort hotel,,https://lh3.googleusercontent.com/gps-proxy/ALd4DhEYSNFNUWHbpeyKGDspPYB1_ytDEtyJvDozwkLJyc-jxm3uNiDsvMvE2cWrYUnxqTG2Ewjtk38ZwKxenEqpt_uQC6OarMrcyev02eBDXnNy9zhbcvdu7-8joLMOblfLsOmgtcySb7YPOEfqZtpSHJ-APNW8z5hJsT-Pogy78eWaK3aFvTo295ya=w163-h92-k-no,,,,,,,,,,,,,,,No reviews,,,,,,
,https://www.google.com/maps/place/Marina+View+Villa/data=!4m10!3m9!1s0x86af4aef4479ae71:0xcdc72cad85d48e21!5m2!4m1!1i2!8m2!3d22.8821606!4d-109.9148519!16s%2Fg%2F11f1gdmvnf!19sChIJca55RO9Kr4YRIY7Uha0sx80?authuser=0&hl=en&rclk=1,Marina View Villa,4.5,(77),Hotel,Casual resort with a pool & a hot tub,https://lh3.googleusercontent.com/gps-proxy/ALd4DhHCkBzFQPlhtSu2Vzvh6weuOb7BJYyrG39_cheY2c8z9ck9XwJhQQObtFMmlYOGHYXuBTtbjZH9cxD9EVpSPhuaVjmgPE2KElsDddhZVkxQ_i_oSRo392XJBXHZu6JP7fkx0og5c7VZh7g60crpi7wT1xovsKc-De3PNQfCJTgEfhYC1hJMJtjTQg=w138-h92-k-no,,Pool,,Free Wi-Fi,,Wi-Fi,,Parking,,,,,,,,,,,,,
,"https://www.google.com/maps/place/Collection+O+Casa+Bella+Hotel+Boutique,+Cabo+San+Lucas/data=!4m10!3m9!1s0x86af4af1a459fa61:0xf68e27bcd301473f!5m2!4m1!1i2!8m2!3d22.8829691!4d-109.9141477!16s%2Fg%2F1hdznscrk!19sChIJYfpZpPFKr4YRP0cB07wnjvY?authuser=0&hl=en&rclk=1","Collection O Casa Bella Hotel Boutique, Cabo San Lucas",4.8,(89),3-star hotel,Elegant lodging with a pool & a spa,https://lh3.googleusercontent.com/gps-proxy/ALd4DhGzkev5sz1NtBEjpgpAA3iM2b1tw7_96F-zK2oVHEyTLotYZz9XtTzl0cxlGOmt07x0hs6bwxIuTcr70g4na24IFT8KoJVbTdELr9WtYd66p9LbypNKCD5Aic9qtI5xl1Rebidemver2iduZA0cYPro9oSRj7hp62zHzbi943-UVyHp112xHv5D=w138-h92-k-no,,Pool,,Free breakfast,,Free Wi-Fi,,Air-conditioned,,,,,,,,,,,,,
,https://www.google.com/maps/place/Marina+Sol+Residences+and+Resorts+Cabo+Gold+Properties/data=!4m10!3m9!1s0x86af4bb65ffb2a67:0x1863ba07942bb59!5m2!4m1!1i2!8m2!3d22.8887285!4d-109.9071729!16s%2Fg%2F11fvmljmc5!19sChIJZyr7X7ZLr4YRWbtCeaA7hgE?authuser=0&hl=en&rclk=1,Marina Sol Residences and Resorts Cabo Gold Properties,4.8,(4),Serviced accommodation,,https://lh5.googleusercontent.com/p/AF1QipPunYPiet9Q0hUock4Qzib-64-7d8qIXjmoR2Ag=w137-h92-k-no,,Pool,,Spa,,Free parking,,Free Wi-Fi,,,,,,,,,,,,,
,https://www.google.com/maps/place/Relaxing+Family+2+Bedroom+Suite+@+Cabo+San+Lucas/data=!4m10!3m9!1s0x86af4c86c0778f6d:0xd2d718c3159365c4!5m2!4m1!1i2!8m2!3d22.902485!4d-109.847115!16s%2Fg%2F11gnsdrfc3!19sChIJbY93wIZMr4YRxGWTFcMY19I?authuser=0&hl=en&rclk=1,Relaxing Family 2 Bedroom Suite @ Cabo San Lucas,5.0,(1),Hotel,,https://lh3.googleusercontent.com/gps-proxy/ALd4DhFHeYkJTGE6x6STpIlUgEgrLgKsUi3UCFExLlqrf2qth9f1dORTW8xyvEb9oJLtTTDa0hR8-Iai_KPQO8vfGq24S00iyPx4k6DQgJ7E7v7v5uZwm2gARtPrCy64fXFBf3XYR6Pvs3E5wsD6boFGITCM00BkxKnciZArn0ybBaIwHYejhhzZ7d25CA=w138-h92-k-no,,,,,,,,,,,,,,,,,,,,,
,https://www.google.com/maps/place/Blarney+Castle+Inn/data=!4m10!3m9!1s0x86af4aed00cbdc7d:0xfba9a6a21441111c!5m2!4m1!1i2!8m2!3d22.8836274!4d-109.9225119!16s%2Fg%2F1vq9mqp1!19sChIJfdzLAO1Kr4YRHBFBFKKmqfs?authuser=0&hl=en&rclk=1,Blarney Castle Inn,4.8,(149),2-star hotel,Relaxed hotel with dining & ocean views,https://lh5.googleusercontent.com/p/AF1QipNEMxo4xjX-QN9HW4Lv0e-h1ZyZKFDVGWfUDCfX=w138-h92-k-no,,Pool,,Free parking,,Free Wi-Fi,,Air-conditioned,,,,,,,,,,,,,
,https://www.google.com/maps/place/San+Angel+Suites/data=!4m10!3m9!1s0x86af4ae6209ee1c9:0x8ab5041b841521a6!5m2!4m1!1i2!8m2!3d22.8794559!4d-109.9140336!16s%2Fg%2F1tvq4knh!19sChIJyeGeIOZKr4YRpiEVhBsEtYo?authuser=0&hl=en&rclk=1,San Angel Suites,4.6,(91),3-star hotel,Relaxed apartment hotel with a hot tub,https://lh3.googleusercontent.com/gps-proxy/ALd4DhHxYhggI_BcTRWvWSz92iMhCXVIZNTkV88_GvKI36645PbavRTuirVbwO1lf-VI1bOcntLQ1xL76iTp-pHownnVTkCW1KNIAzK0G17UqIszEl_VWrQJpQMjLypnDqS_SfjDjIUSDRDvDgCAxxGTDhrw9KEZi9bo5UcFb9IX7SOCpX-yMYpnmG0z=w138-h92-k-no,,Free parking,,Free Wi-Fi,,Air-conditioned,,Wi-Fi,,,,,,,,,,,,,
,https://www.google.com/maps/place/MyrentalsMx/data=!4m10!3m9!1s0x86af4bbd00000001:0x9f6f2d2038c978ea!5m2!4m1!1i2!8m2!3d22.9165896!4d-109.8812117!16s%2Fg%2F11rd023tb0!19sChIJAQAAAL1Lr4YR6njJOCAtb58?authuser=0&hl=en&rclk=1,MyrentalsMx,5.0,(2),Cottage village,,https://lh3.googleusercontent.com/gps-proxy/ALd4DhG10An7df6bsE049uA4hSqQ5YFzq0NoZ6wcyPbYBwV5SsUzeP-mjBFSuU1UNw5aBU0TITIcFPLcYProjs372oy31wNX-0TCxJhoo2WUMi3eeHwXYNtLDn1VqY-QPIrAUEXADHb-zHm4tKMLZTx8lj0ApYMN1-gCFu8Yg6Usz1krq5efAJMAiFIg=w151-h92-k-no,,,,,,,,,,,,,,,,,,,,,
