BcjeJB9cJ4g- href,Y0i-tdDHWSI- src,FhfgYo4tTD0-,MLhGCA4nv6o-,XmafYPXEv24- href,XmafYPXEv24-,Vk-xtpOrXcE-,_4QF0cXfwR9Q-,gr6nnXdRSXE-,ARuVZZIyuC4- href,ARuVZZIyuC4-,ARuVZZIyuC4- href (2),ARuVZZIyuC4- (2),ARuVZZIyuC4- href (3),ARuVZZIyuC4- (3),ARuVZZIyuC4- href (4),ARuVZZIyuC4- (4),ARuVZZIyuC4- href (5),ARuVZZIyuC4- (5),gr6nnXdRSXE- (2),_3kfpdUQdi8o-,l9bbXUdC9v0-,_3JbEJDrCk58-,YFUbwTI869k-,qivIEjtoHOo-
https://www.opentable.com/r/mamazzita-cabo-cabo-san-lucas?corrid=00890699-fab7-4ff7-98b7-f082ee6d01ba&avt=eyJ2IjoyLCJtIjoxLCJwIjoxLCJzIjowLCJuIjowfQ&p=2&sd=2025-03-12T19%3A00%3A00,https://resizer.otstatic.com/v2/photos/legacy/3/49978115.jpg,1. Mamazzita Cabo,Awesome,https://www.opentable.com/r/mamazzita-cabo-cabo-san-lucas?corrid=00890699-fab7-4ff7-98b7-f082ee6d01ba&avt=eyJ2IjoyLCJtIjoxLCJwIjoxLCJzIjowLCJuIjowfQ&p=2&sd=2025-03-12T19%3A00%3A00#reviews,(240),Price: Very Expensive,• Mexican • Cabo San Lucas,Booked 2 times today,https://www.opentable.com/book/validate?rid=1208536&d=2025-03-12T18%3A30%3A00&sd=2025-03-12T18%3A30%3A00&p=2&pt=100&pofids=&hash=1824494192&avt=eyJ2IjoyLCJtIjoxLCJwIjoxLCJjIjoxODg0MDM2LCJzIjowLCJuIjowfQ&corrid=00890699-fab7-4ff7-98b7-f082ee6d01ba&tc=default&experienceIds=440805&ra=&isMandatory=false&st=Experience,6:30 PM*,https://www.opentable.com/book/validate?rid=1208536&d=2025-03-12T18%3A45%3A00&sd=2025-03-12T18%3A45%3A00&p=2&pt=100&pofids=&hash=3520788256&avt=eyJ2IjoyLCJtIjoxLCJwIjoxLCJjIjoxODg0MDM2LCJzIjowLCJuIjowfQ&corrid=00890699-fab7-4ff7-98b7-f082ee6d01ba&tc=default&experienceIds=440805&ra=&isMandatory=false&st=Experience,6:45 PM*,https://www.opentable.com/book/validate?rid=1208536&d=2025-03-12T19%3A00%3A00&sd=2025-03-12T19%3A00%3A00&p=2&pt=100&pofids=&hash=1220663471&avt=eyJ2IjoyLCJtIjoxLCJwIjoxLCJjIjoxODg0MDM2LCJzIjowLCJuIjowfQ&corrid=00890699-fab7-4ff7-98b7-f082ee6d01ba&tc=default&experienceIds=440805&ra=&isMandatory=false&st=Experience,7:00 PM*,https://www.opentable.com/book/validate?rid=1208536&d=2025-03-12T19%3A15%3A00&sd=2025-03-12T19%3A15%3A00&p=2&pt=100&pofids=&hash=2388696858&avt=eyJ2IjoyLCJtIjoxLCJwIjoxLCJjIjoxODg0MDM2LCJzIjowLCJuIjowfQ&corrid=00890699-fab7-4ff7-98b7-f082ee6d01ba&tc=default&experienceIds=440805&ra=&isMandatory=false&st=Experience,7:15 PM*,https://www.opentable.com/book/validate?rid=1208536&d=2025-03-12T19%3A30%3A00&sd=2025-03-12T19%3A30%3A00&p=2&pt=100&pofids=&hash=2623219995&avt=eyJ2IjoyLCJtIjoxLCJwIjoxLCJjIjoxODg0MDM2LCJzIjowLCJuIjowfQ&corrid=00890699-fab7-4ff7-98b7-f082ee6d01ba&tc=default&experienceIds=440805&ra=&isMandatory=false&st=Experience,7:30 PM*,Top experience,Romantic Champagne Experience at Mamazzita,Great food and great service Lovely ambience…. Great hosts,,,
https://www.opentable.com/r/tropicana-cocina-de-las-californias-san-jose-del-cabo?corrid=00890699-fab7-4ff7-98b7-f082ee6d01ba&avt=eyJ2IjoyLCJtIjoxLCJwIjowLCJzIjowLCJuIjowfQ&p=2&sd=2025-03-12T19%3A00%3A00,https://resizer.otstatic.com/v2/photos/legacy/2/71219990.jpg,2. Tropicana Cocina de las Californias,Awesome,https://www.opentable.com/r/tropicana-cocina-de-las-californias-san-jose-del-cabo?corrid=00890699-fab7-4ff7-98b7-f082ee6d01ba&avt=eyJ2IjoyLCJtIjoxLCJwIjowLCJzIjowLCJuIjowfQ&p=2&sd=2025-03-12T19%3A00%3A00#reviews,(17),Price: Expensive,• Contemporary Mexican • San José del Cabo,,https://www.opentable.com/book/validate?rid=1386571&d=2025-03-12T18%3A30%3A00&sd=2025-03-12T18%3A30%3A00&p=2&pt=100&pofids=&hash=981560476&avt=eyJ2IjoyLCJtIjoxLCJwIjowLCJjIjo1MTY5NjExLCJzIjowLCJuIjowfQ&corrid=00890699-fab7-4ff7-98b7-f082ee6d01ba&tc=default&experienceIds=434898%2C395496&ra=&isMandatory=false&st=Experience,6:30 PM,https://www.opentable.com/book/validate?rid=1386571&d=2025-03-12T18%3A45%3A00&sd=2025-03-12T18%3A45%3A00&p=2&pt=100&pofids=&hash=1628297362&avt=eyJ2IjoyLCJtIjoxLCJwIjowLCJjIjo1MTY5NjExLCJzIjowLCJuIjowfQ&corrid=00890699-fab7-4ff7-98b7-f082ee6d01ba&tc=default&experienceIds=434898%2C395496&ra=&isMandatory=false&st=Experience,6:45 PM,https://www.opentable.com/book/validate?rid=1386571&d=2025-03-12T19%3A00%3A00&sd=2025-03-12T19%3A00%3A00&p=2&pt=100&pofids=&hash=1174225693&avt=eyJ2IjoyLCJtIjoxLCJwIjowLCJjIjo1MTY5NjExLCJzIjowLCJuIjowfQ&corrid=00890699-fab7-4ff7-98b7-f082ee6d01ba&tc=default&experienceIds=439192%2C434898%2C395496&ra=&isMandatory=false&st=Experience,7:00 PM,https://www.opentable.com/book/validate?rid=1386571&d=2025-03-12T19%3A15%3A00&sd=2025-03-12T19%3A15%3A00&p=2&pt=100&pofids=&hash=1769434317&avt=eyJ2IjoyLCJtIjoxLCJwIjowLCJjIjo1MTY5NjExLCJzIjowLCJuIjowfQ&corrid=00890699-fab7-4ff7-98b7-f082ee6d01ba&tc=default&experienceIds=439192%2C434898%2C395496&ra=&isMandatory=false&st=Experience,7:15 PM,https://www.opentable.com/book/validate?rid=1386571&d=2025-03-12T19%3A30%3A00&sd=2025-03-12T19%3A30%3A00&p=2&pt=100&pofids=&hash=1806136019&avt=eyJ2IjoyLCJtIjoxLCJwIjowLCJjIjo1MTY5NjExLCJzIjowLCJuIjowfQ&corrid=00890699-fab7-4ff7-98b7-f082ee6d01ba&tc=default&experienceIds=439192%2C434898%2C395496&ra=&isMandatory=false&st=Experience,7:30 PM,Top experience,Happy Hour at Tropicana,"If youre looking for the feel and look of the original Tropicana, sadly the past is gone. The entire complex has been beautifully renovated, and I hope they are successful. If you want to stay in town and enjoy peace and quiet, yet be able to walk out to the historic center and art district, you can’t go wrong. Gone is the Cubano bands and bar with overlooking balcony, and in its place is a beautiful bar with tables for drinks and dinner. The sidewalk dining area has the same feel, but I do agree, the menu is limited. That being said, it was the best “catch of the day” dinner I have ever had. The sea bass was cooked to perfection in a mango purée and veggies. The staff was very friendly, and we dined with live music outside. I did not feel as though the prices were any higher than most of the restaurants you now find in Los Cabos. After 18 years of dining and staying at the Tropicana, it was hard to see the change, but I will go back.",$,Read more,
https://www.opentable.com/r/lena-latin-grill-the-hilton-los-cabos-hotel-san-jose-del-cabo?corrid=00890699-fab7-4ff7-98b7-f082ee6d01ba&avt=eyJ2IjoyLCJtIjoxLCJwIjowLCJzIjowLCJuIjowfQ&p=2&sd=2025-03-12T19%3A00%3A00,https://resizer.otstatic.com/v2/photos/legacy/2/41896307.jpg,3. Leña Latin Grill - The Hilton Los Cabos Hotel,Awesome,https://www.opentable.com/r/lena-latin-grill-the-hilton-los-cabos-hotel-san-jose-del-cabo?corrid=00890699-fab7-4ff7-98b7-f082ee6d01ba&avt=eyJ2IjoyLCJtIjoxLCJwIjowLCJzIjowLCJuIjowfQ&p=2&sd=2025-03-12T19%3A00%3A00#reviews,(92),Price: Moderate,• Unspecified • San José del Cabo,Booked 3 times today,https://www.opentable.com/book/validate?rid=1055737&d=2025-03-12T18%3A30%3A00&sd=2025-03-12T18%3A30%3A00&p=2&pt=100&pofids=&hash=4140468251&avt=eyJ2IjoyLCJtIjoxLCJwIjowLCJjIjo0LCJzIjowLCJuIjowfQ&corrid=00890699-fab7-4ff7-98b7-f082ee6d01ba&tc=default&experienceIds=448181&ra=&isMandatory=false&st=Experience,6:30 PM,https://www.opentable.com/book/validate?rid=1055737&d=2025-03-12T18%3A45%3A00&sd=2025-03-12T18%3A45%3A00&p=2&pt=100&pofids=&hash=1823618629&avt=eyJ2IjoyLCJtIjoxLCJwIjowLCJjIjo0LCJzIjowLCJuIjowfQ&corrid=00890699-fab7-4ff7-98b7-f082ee6d01ba&tc=default&experienceIds=448181&ra=&isMandatory=false&st=Experience,6:45 PM,https://www.opentable.com/book/validate?rid=1055737&d=2025-03-12T19%3A00%3A00&sd=2025-03-12T19%3A00%3A00&p=2&pt=100&pofids=&hash=2623193048&avt=eyJ2IjoyLCJtIjoxLCJwIjowLCJjIjo0LCJzIjowLCJuIjowfQ&corrid=00890699-fab7-4ff7-98b7-f082ee6d01ba&tc=default&experienceIds=448181&ra=&isMandatory=false&st=Experience,7:00 PM,https://www.opentable.com/book/validate?rid=1055737&d=2025-03-12T19%3A15%3A00&sd=2025-03-12T19%3A15%3A00&p=2&pt=100&pofids=&hash=4218077912&avt=eyJ2IjoyLCJtIjoxLCJwIjowLCJjIjo0LCJzIjowLCJuIjowfQ&corrid=00890699-fab7-4ff7-98b7-f082ee6d01ba&tc=default&experienceIds=448181&ra=&isMandatory=false&st=Experience,7:15 PM,https://www.opentable.com/book/validate?rid=1055737&d=2025-03-12T19%3A30%3A00&sd=2025-03-12T19%3A30%3A00&p=2&pt=100&pofids=&hash=766777796&avt=eyJ2IjoyLCJtIjoxLCJwIjowLCJjIjo0LCJzIjowLCJuIjowfQ&corrid=00890699-fab7-4ff7-98b7-f082ee6d01ba&tc=default&experienceIds=448181&ra=&isMandatory=false&st=Experience,7:30 PM,Top experience,Margarita Class EJ,Possibly the best shrimp of my life. We had a wonderful time.,$$,,
https://www.opentable.com/r/santoro-agaveteca-san-jose-del-cabo?corrid=00890699-fab7-4ff7-98b7-f082ee6d01ba&avt=eyJ2IjoyLCJtIjoxLCJwIjowLCJzIjowLCJuIjowfQ&p=2&sd=2025-03-12T19%3A00%3A00,https://resizer.otstatic.com/v2/photos/legacy/2/71023142.jpg,4. Santoro Agaveteca,Excellent,https://www.opentable.com/r/santoro-agaveteca-san-jose-del-cabo?corrid=00890699-fab7-4ff7-98b7-f082ee6d01ba&avt=eyJ2IjoyLCJtIjoxLCJwIjowLCJzIjowLCJuIjowfQ&p=2&sd=2025-03-12T19%3A00%3A00#reviews,(15),Price: Very Expensive,• Mexican / Southwestern • San José del Cabo,Booked 4 times today,https://www.opentable.com/book/validate?rid=1369075&d=2025-03-12T18%3A30%3A00&sd=2025-03-12T18%3A30%3A00&p=2&pt=100&pofids=&hash=2721125214&avt=eyJ2IjoyLCJtIjoxLCJwIjowLCJjIjo1MzQ3MzY2LCJzIjowLCJuIjowfQ&corrid=00890699-fab7-4ff7-98b7-f082ee6d01ba&tc=default&experienceIds=&ra=&isMandatory=false&st=Standard,6:30 PM,https://www.opentable.com/book/validate?rid=1369075&d=2025-03-12T18%3A45%3A00&sd=2025-03-12T18%3A45%3A00&p=2&pt=100&pofids=&hash=310982091&avt=eyJ2IjoyLCJtIjoxLCJwIjowLCJjIjo1MzQ3MzY2LCJzIjowLCJuIjowfQ&corrid=00890699-fab7-4ff7-98b7-f082ee6d01ba&tc=default&experienceIds=&ra=&isMandatory=false&st=Standard,6:45 PM,https://www.opentable.com/book/validate?rid=1369075&d=2025-03-12T19%3A00%3A00&sd=2025-03-12T19%3A00%3A00&p=2&pt=100&pofids=&hash=1837415137&avt=eyJ2IjoyLCJtIjoxLCJwIjowLCJjIjo1MzQ3MzY2LCJzIjowLCJuIjowfQ&corrid=00890699-fab7-4ff7-98b7-f082ee6d01ba&tc=default&experienceIds=&ra=&isMandatory=false&st=Standard,7:00 PM,https://www.opentable.com/book/validate?rid=1369075&d=2025-03-12T19%3A15%3A00&sd=2025-03-12T19%3A15%3A00&p=2&pt=100&pofids=&hash=1017014702&avt=eyJ2IjoyLCJtIjoxLCJwIjowLCJjIjo1MzQ3MzY2LCJzIjowLCJuIjowfQ&corrid=00890699-fab7-4ff7-98b7-f082ee6d01ba&tc=default&experienceIds=&ra=&isMandatory=false&st=Standard,7:15 PM,https://www.opentable.com/book/validate?rid=1369075&d=2025-03-12T19%3A30%3A00&sd=2025-03-12T19%3A30%3A00&p=2&pt=100&pofids=&hash=3398378823&avt=eyJ2IjoyLCJtIjoxLCJwIjowLCJjIjo1MzQ3MzY2LCJzIjowLCJuIjowfQ&corrid=00890699-fab7-4ff7-98b7-f082ee6d01ba&tc=default&experienceIds=&ra=&isMandatory=false&st=Standard,7:30 PM,,,"The chili relleno was outstanding, great service and beautiful evening.",,,
https://www.opentable.com/r/the-kitchen-by-nowhere-bar-cabo-san-lucas?corrid=00890699-fab7-4ff7-98b7-f082ee6d01ba&avt=eyJ2IjoyLCJtIjoxLCJwIjoxLCJzIjowLCJuIjowfQ&p=2&sd=2025-03-12T19%3A00%3A00,https://resizer.otstatic.com/v2/photos/legacy/5/50370177.jpg,5. The Kitchen by Nowhere Bar,Awesome,https://www.opentable.com/r/the-kitchen-by-nowhere-bar-cabo-san-lucas?corrid=00890699-fab7-4ff7-98b7-f082ee6d01ba&avt=eyJ2IjoyLCJtIjoxLCJwIjoxLCJzIjowLCJuIjowfQ&p=2&sd=2025-03-12T19%3A00%3A00#reviews,(17),Price: Expensive,• Italian • Cabo San Lucas,,https://www.opentable.com/book/validate?rid=1268812&d=2025-03-12T18%3A30%3A00&sd=2025-03-12T18%3A30%3A00&p=2&pt=100&pofids=&hash=1217751299&avt=eyJ2IjoyLCJtIjoxLCJwIjoxLCJjIjoyNjE1NjExLCJzIjowLCJuIjowfQ&corrid=00890699-fab7-4ff7-98b7-f082ee6d01ba&tc=default&experienceIds=&ra=&isMandatory=false&st=Standard,6:30 PM,https://www.opentable.com/book/validate?rid=1268812&d=2025-03-12T18%3A45%3A00&sd=2025-03-12T18%3A45%3A00&p=2&pt=100&pofids=&hash=2597497963&avt=eyJ2IjoyLCJtIjoxLCJwIjoxLCJjIjoyNjE1NjExLCJzIjowLCJuIjowfQ&corrid=00890699-fab7-4ff7-98b7-f082ee6d01ba&tc=default&experienceIds=&ra=&isMandatory=false&st=Standard,6:45 PM,https://www.opentable.com/book/validate?rid=1268812&d=2025-03-12T19%3A00%3A00&sd=2025-03-12T19%3A00%3A00&p=2&pt=100&pofids=&hash=2907615009&avt=eyJ2IjoyLCJtIjoxLCJwIjoxLCJjIjoyNjE1NjExLCJzIjowLCJuIjowfQ&corrid=00890699-fab7-4ff7-98b7-f082ee6d01ba&tc=default&experienceIds=&ra=&isMandatory=false&st=Standard,7:00 PM,https://www.opentable.com/book/validate?rid=1268812&d=2025-03-12T19%3A15%3A00&sd=2025-03-12T19%3A15%3A00&p=2&pt=100&pofids=&hash=2895018626&avt=eyJ2IjoyLCJtIjoxLCJwIjoxLCJjIjoyNjE1NjExLCJzIjowLCJuIjowfQ&corrid=00890699-fab7-4ff7-98b7-f082ee6d01ba&tc=default&experienceIds=&ra=&isMandatory=false&st=Standard,7:15 PM,https://www.opentable.com/book/validate?rid=1268812&d=2025-03-12T19%3A30%3A00&sd=2025-03-12T19%3A30%3A00&p=2&pt=100&pofids=&hash=3878059759&avt=eyJ2IjoyLCJtIjoxLCJwIjoxLCJjIjoyNjE1NjExLCJzIjowLCJuIjowfQ&corrid=00890699-fab7-4ff7-98b7-f082ee6d01ba&tc=default&experienceIds=&ra=&isMandatory=false&st=Standard,7:30 PM,,,Fresh made pasta is so delicious and can choose your sauce and noodles. A bit loud next to the club but you’re right in the action so fun people watching. I just had to take my leftovers home yum,$,,
https://www.opentable.com/r/fiorenza-los-cabos-san-jose-del-cabo?corrid=00890699-fab7-4ff7-98b7-f082ee6d01ba&avt=eyJ2IjoyLCJtIjoxLCJwIjowLCJzIjowLCJuIjowfQ&p=2&sd=2025-03-12T19%3A00%3A00,https://resizer.otstatic.com/v2/photos/legacy/3/48631893.jpg,6. Fiorenza Los Cabos,Exceptional,https://www.opentable.com/r/fiorenza-los-cabos-san-jose-del-cabo?corrid=00890699-fab7-4ff7-98b7-f082ee6d01ba&avt=eyJ2IjoyLCJtIjoxLCJwIjowLCJzIjowLCJuIjowfQ&p=2&sd=2025-03-12T19%3A00%3A00#reviews,(455),Price: Moderate,• Italian • San José del Cabo,Booked 7 times today,https://www.opentable.com/book/validate?rid=1011607&d=2025-03-12T18%3A30%3A00&sd=2025-03-12T18%3A30%3A00&p=2&pt=100&pofids=&hash=3198309581&avt=eyJ2IjoyLCJtIjoxLCJwIjowLCJjIjo0LCJzIjowLCJuIjowfQ&corrid=00890699-fab7-4ff7-98b7-f082ee6d01ba&tc=default&experienceIds=&ra=&isMandatory=false&st=Standard,6:30 PM,https://www.opentable.com/book/validate?rid=1011607&d=2025-03-12T18%3A45%3A00&sd=2025-03-12T18%3A45%3A00&p=2&pt=100&pofids=&hash=1262311465&avt=eyJ2IjoyLCJtIjoxLCJwIjowLCJjIjo0LCJzIjowLCJuIjowfQ&corrid=00890699-fab7-4ff7-98b7-f082ee6d01ba&tc=default&experienceIds=&ra=&isMandatory=false&st=Standard,6:45 PM,https://www.opentable.com/book/validate?rid=1011607&d=2025-03-12T19%3A00%3A00&sd=2025-03-12T19%3A00%3A00&p=2&pt=100&pofids=&hash=1703946500&avt=eyJ2IjoyLCJtIjoxLCJwIjowLCJjIjo0LCJzIjowLCJuIjowfQ&corrid=00890699-fab7-4ff7-98b7-f082ee6d01ba&tc=default&experienceIds=&ra=&isMandatory=false&st=Standard,7:00 PM,https://www.opentable.com/book/validate?rid=1011607&d=2025-03-12T19%3A15%3A00&sd=2025-03-12T19%3A15%3A00&p=2&pt=100&pofids=&hash=2602267888&avt=eyJ2IjoyLCJtIjoxLCJwIjowLCJjIjo0LCJzIjowLCJuIjowfQ&corrid=00890699-fab7-4ff7-98b7-f082ee6d01ba&tc=default&experienceIds=&ra=&isMandatory=false&st=Standard,7:15 PM,https://www.opentable.com/book/validate?rid=1011607&d=2025-03-12T19%3A30%3A00&sd=2025-03-12T19%3A30%3A00&p=2&pt=100&pofids=&hash=3832173431&avt=eyJ2IjoyLCJtIjoxLCJwIjowLCJjIjo0LCJzIjowLCJuIjowfQ&corrid=00890699-fab7-4ff7-98b7-f082ee6d01ba&tc=default&experienceIds=&ra=&isMandatory=false&st=Standard,7:30 PM,,,"Delicious, great staff. Great music! Just the perfect start for art walk!",$$,,
https://www.opentable.com/r/daikoku-los-cabos-cabo-san-lucas?corrid=00890699-fab7-4ff7-98b7-f082ee6d01ba&avt=eyJ2IjoyLCJtIjoxLCJwIjoxLCJzIjowLCJuIjowfQ&p=2&sd=2025-03-12T19%3A00%3A00,https://resizer.otstatic.com/v2/photos/legacy/1/32265441.jpg,7. Daikoku - Los Cabos,Awesome,https://www.opentable.com/r/daikoku-los-cabos-cabo-san-lucas?corrid=00890699-fab7-4ff7-98b7-f082ee6d01ba&avt=eyJ2IjoyLCJtIjoxLCJwIjoxLCJzIjowLCJuIjowfQ&p=2&sd=2025-03-12T19%3A00%3A00#reviews,(158),Price: Expensive,• Japanese • Cabo San Lucas,,https://www.opentable.com/book/validate?rid=271012&d=2025-03-12T18%3A30%3A00&sd=2025-03-12T18%3A30%3A00&p=2&pt=100&pofids=&hash=196523797&avt=eyJ2IjoyLCJtIjoxLCJwIjoxLCJjIjoyMzk4Mjk2LCJzIjowLCJuIjowfQ&corrid=00890699-fab7-4ff7-98b7-f082ee6d01ba&tc=default&experienceIds=&ra=&isMandatory=false&st=Standard,6:30 PM*,https://www.opentable.com/book/validate?rid=271012&d=2025-03-12T18%3A45%3A00&sd=2025-03-12T18%3A45%3A00&p=2&pt=100&pofids=&hash=3536946878&avt=eyJ2IjoyLCJtIjoxLCJwIjoxLCJjIjoyMzk4Mjk2LCJzIjowLCJuIjowfQ&corrid=00890699-fab7-4ff7-98b7-f082ee6d01ba&tc=default&experienceIds=&ra=&isMandatory=false&st=Standard,6:45 PM*,https://www.opentable.com/book/validate?rid=271012&d=2025-03-12T19%3A00%3A00&sd=2025-03-12T19%3A00%3A00&p=2&pt=100&pofids=&hash=208775231&avt=eyJ2IjoyLCJtIjoxLCJwIjoxLCJjIjoyMzk4Mjk2LCJzIjowLCJuIjowfQ&corrid=00890699-fab7-4ff7-98b7-f082ee6d01ba&tc=default&experienceIds=&ra=&isMandatory=false&st=Standard,7:00 PM*,https://www.opentable.com/book/validate?rid=271012&d=2025-03-12T19%3A15%3A00&sd=2025-03-12T19%3A15%3A00&p=2&pt=100&pofids=&hash=3075923632&avt=eyJ2IjoyLCJtIjoxLCJwIjoxLCJjIjoyMzk4Mjk2LCJzIjowLCJuIjowfQ&corrid=00890699-fab7-4ff7-98b7-f082ee6d01ba&tc=default&experienceIds=&ra=&isMandatory=false&st=Standard,7:15 PM*,https://www.opentable.com/book/validate?rid=271012&d=2025-03-12T19%3A30%3A00&sd=2025-03-12T19%3A30%3A00&p=2&pt=100&pofids=&hash=3645412326&avt=eyJ2IjoyLCJtIjoxLCJwIjoxLCJjIjoyMzk4Mjk2LCJzIjowLCJuIjowfQ&corrid=00890699-fab7-4ff7-98b7-f082ee6d01ba&tc=default&experienceIds=&ra=&isMandatory=false&st=Standard,7:30 PM*,,,Everything was amazing. The restaurant was beautiful. The floor was so cool. Sushi was outstanding.,$,,
https://www.opentable.com/la-galeria-cabo?corrid=00890699-fab7-4ff7-98b7-f082ee6d01ba&avt=eyJ2IjoyLCJtIjoxLCJwIjowLCJzIjowLCJuIjowfQ&p=2&sd=2025-03-12T19%3A00%3A00,https://resizer.otstatic.com/v2/photos/legacy/3/62781991.jpg,8. La Galeria - Cabo,Awesome,https://www.opentable.com/la-galeria-cabo?corrid=00890699-fab7-4ff7-98b7-f082ee6d01ba&avt=eyJ2IjoyLCJtIjoxLCJwIjowLCJzIjowLCJuIjowfQ&p=2&sd=2025-03-12T19%3A00%3A00#reviews,(14),Price: Expensive,• Traditional Mexican • Cabo San Lucas,,https://www.opentable.com/book/validate?rid=100357&d=2025-03-12T18%3A30%3A00&sd=2025-03-12T18%3A30%3A00&p=2&pt=100&pofids=&hash=1377363254&avt=eyJ2IjoyLCJtIjoxLCJwIjowLCJjIjo1NDc2MDI2LCJzIjowLCJuIjowfQ&corrid=00890699-fab7-4ff7-98b7-f082ee6d01ba&tc=default&experienceIds=437566&ra=&isMandatory=false&st=Experience,6:30 PM,https://www.opentable.com/book/validate?rid=100357&d=2025-03-12T18%3A45%3A00&sd=2025-03-12T18%3A45%3A00&p=2&pt=100&pofids=&hash=178578258&avt=eyJ2IjoyLCJtIjoxLCJwIjowLCJjIjo1NDc2MDI2LCJzIjowLCJuIjowfQ&corrid=00890699-fab7-4ff7-98b7-f082ee6d01ba&tc=default&experienceIds=437566&ra=&isMandatory=false&st=Experience,6:45 PM,https://www.opentable.com/book/validate?rid=100357&d=2025-03-12T19%3A00%3A00&sd=2025-03-12T19%3A00%3A00&p=2&pt=100&pofids=&hash=830366943&avt=eyJ2IjoyLCJtIjoxLCJwIjowLCJjIjo1NDc2MDI2LCJzIjowLCJuIjowfQ&corrid=00890699-fab7-4ff7-98b7-f082ee6d01ba&tc=default&experienceIds=437566&ra=&isMandatory=false&st=Experience,7:00 PM,https://www.opentable.com/book/validate?rid=100357&d=2025-03-12T19%3A15%3A00&sd=2025-03-12T19%3A15%3A00&p=2&pt=100&pofids=&hash=3994085545&avt=eyJ2IjoyLCJtIjoxLCJwIjowLCJjIjo1NDc2MDI2LCJzIjowLCJuIjowfQ&corrid=00890699-fab7-4ff7-98b7-f082ee6d01ba&tc=default&experienceIds=437566&ra=&isMandatory=false&st=Experience,7:15 PM,https://www.opentable.com/book/validate?rid=100357&d=2025-03-12T19%3A30%3A00&sd=2025-03-12T19%3A30%3A00&p=2&pt=100&pofids=&hash=3049558544&avt=eyJ2IjoyLCJtIjoxLCJwIjowLCJjIjo1NDc2MDI2LCJzIjowLCJuIjowfQ&corrid=00890699-fab7-4ff7-98b7-f082ee6d01ba&tc=default&experienceIds=437566&ra=&isMandatory=false&st=Experience,7:30 PM,,,The food was very good and very friendly serving staff,$,,NEW
https://www.opentable.com/r/arts-and-sushi-cabo-san-lucas?corrid=00890699-fab7-4ff7-98b7-f082ee6d01ba&avt=eyJ2IjoyLCJtIjoxLCJwIjowLCJzIjowLCJuIjowfQ&p=2&sd=2025-03-12T19%3A00%3A00,https://resizer.otstatic.com/v2/photos/legacy/1/25883775.jpg,9. Arts And Sushi,Awesome,https://www.opentable.com/r/arts-and-sushi-cabo-san-lucas?corrid=00890699-fab7-4ff7-98b7-f082ee6d01ba&avt=eyJ2IjoyLCJtIjoxLCJwIjowLCJzIjowLCJuIjowfQ&p=2&sd=2025-03-12T19%3A00%3A00#reviews,(38),Price: Moderate,• Japanese • Cabo San Lucas,Booked 1 time today,https://www.opentable.com/book/validate?rid=1028734&d=2025-03-12T18%3A30%3A00&sd=2025-03-12T18%3A30%3A00&p=2&pt=100&pofids=&hash=803387336&avt=eyJ2IjoyLCJtIjoxLCJwIjowLCJjIjo0LCJzIjowLCJuIjowfQ&corrid=00890699-fab7-4ff7-98b7-f082ee6d01ba&tc=default&experienceIds=&ra=&isMandatory=false&st=Standard,6:30 PM,https://www.opentable.com/book/validate?rid=1028734&d=2025-03-12T18%3A45%3A00&sd=2025-03-12T18%3A45%3A00&p=2&pt=100&pofids=&hash=3751006208&avt=eyJ2IjoyLCJtIjoxLCJwIjowLCJjIjo0LCJzIjowLCJuIjowfQ&corrid=00890699-fab7-4ff7-98b7-f082ee6d01ba&tc=default&experienceIds=&ra=&isMandatory=false&st=Standard,6:45 PM,https://www.opentable.com/book/validate?rid=1028734&d=2025-03-12T19%3A00%3A00&sd=2025-03-12T19%3A00%3A00&p=2&pt=100&pofids=&hash=122408090&avt=eyJ2IjoyLCJtIjoxLCJwIjowLCJjIjo0LCJzIjowLCJuIjowfQ&corrid=00890699-fab7-4ff7-98b7-f082ee6d01ba&tc=default&experienceIds=&ra=&isMandatory=false&st=Standard,7:00 PM,https://www.opentable.com/book/validate?rid=1028734&d=2025-03-12T19%3A15%3A00&sd=2025-03-12T19%3A15%3A00&p=2&pt=100&pofids=&hash=589528461&avt=eyJ2IjoyLCJtIjoxLCJwIjowLCJjIjo0LCJzIjowLCJuIjowfQ&corrid=00890699-fab7-4ff7-98b7-f082ee6d01ba&tc=default&experienceIds=&ra=&isMandatory=false&st=Standard,7:15 PM,https://www.opentable.com/book/validate?rid=1028734&d=2025-03-12T19%3A30%3A00&sd=2025-03-12T19%3A30%3A00&p=2&pt=100&pofids=&hash=829747319&avt=eyJ2IjoyLCJtIjoxLCJwIjowLCJjIjo0LCJzIjowLCJuIjowfQ&corrid=00890699-fab7-4ff7-98b7-f082ee6d01ba&tc=default&experienceIds=&ra=&isMandatory=false&st=Standard,7:30 PM,,,Dinner was really good. We ordered a couple of different specialty rolls and miso soup. Tried Pacifico beer for the first time and it was good! The ambiance is really nice - it's right off the marina and there are other bars/restaurants on both sides. It was easy to find too.,$$,Read more,
https://www.opentable.com/r/jardin-secreto-san-jose-del-cabo?corrid=00890699-fab7-4ff7-98b7-f082ee6d01ba&avt=eyJ2IjoyLCJtIjoxLCJwIjowLCJzIjowLCJuIjowfQ&p=2&sd=2025-03-12T19%3A00%3A00,https://resizer.otstatic.com/v2/photos/legacy/3/48665893.jpg,10. Jardin Secreto,Awesome,https://www.opentable.com/r/jardin-secreto-san-jose-del-cabo?corrid=00890699-fab7-4ff7-98b7-f082ee6d01ba&avt=eyJ2IjoyLCJtIjoxLCJwIjowLCJzIjowLCJuIjowfQ&p=2&sd=2025-03-12T19%3A00%3A00#reviews,(467),Price: Very Expensive,• Mediterranean • San José del Cabo,Booked 15 times today,https://www.opentable.com/book/validate?rid=1063222&d=2025-03-12T18%3A30%3A00&sd=2025-03-12T18%3A30%3A00&p=2&pt=100&pofids=&hash=938189986&avt=eyJ2IjoyLCJtIjoxLCJwIjowLCJjIjo0LCJzIjowLCJuIjowfQ&corrid=00890699-fab7-4ff7-98b7-f082ee6d01ba&tc=default&experienceIds=&ra=&isMandatory=false&st=Standard,6:30 PM,https://www.opentable.com/book/validate?rid=1063222&d=2025-03-12T18%3A45%3A00&sd=2025-03-12T18%3A45%3A00&p=2&pt=100&pofids=&hash=2267971984&avt=eyJ2IjoyLCJtIjoxLCJwIjowLCJjIjo0LCJzIjowLCJuIjowfQ&corrid=00890699-fab7-4ff7-98b7-f082ee6d01ba&tc=default&experienceIds=&ra=&isMandatory=false&st=Standard,6:45 PM,https://www.opentable.com/book/validate?rid=1063222&d=2025-03-12T19%3A00%3A00&sd=2025-03-12T19%3A00%3A00&p=2&pt=100&pofids=&hash=1336243265&avt=eyJ2IjoyLCJtIjoxLCJwIjowLCJjIjo0LCJzIjowLCJuIjowfQ&corrid=00890699-fab7-4ff7-98b7-f082ee6d01ba&tc=default&experienceIds=&ra=&isMandatory=false&st=Standard,7:00 PM,https://www.opentable.com/book/validate?rid=1063222&d=2025-03-12T19%3A15%3A00&sd=2025-03-12T19%3A15%3A00&p=2&pt=100&pofids=&hash=2045767439&avt=eyJ2IjoyLCJtIjoxLCJwIjowLCJjIjo0LCJzIjowLCJuIjowfQ&corrid=00890699-fab7-4ff7-98b7-f082ee6d01ba&tc=default&experienceIds=&ra=&isMandatory=false&st=Standard,7:15 PM,https://www.opentable.com/book/validate?rid=1063222&d=2025-03-12T19%3A30%3A00&sd=2025-03-12T19%3A30%3A00&p=2&pt=100&pofids=&hash=3903315217&avt=eyJ2IjoyLCJtIjoxLCJwIjowLCJjIjo0LCJzIjowLCJuIjowfQ&corrid=00890699-fab7-4ff7-98b7-f082ee6d01ba&tc=default&experienceIds=&ra=&isMandatory=false&st=Standard,7:30 PM,,,Loved this place! Such a nice environment- love all the greenery! The food was delicious especially the wood fired pizzas and the catch of the day with the coconut curry sauce! We enjoyed the band and the tasty cocktails. Best margarita we’ve had yet- Love the addition of the cucumber! Also loved the mezcalita- blend of flavors was perfect! We would definitely recommend this place and will definitely go back!,,Read more,
https://www.opentable.com/r/sead-cabo-cabo-san-lucas?corrid=00890699-fab7-4ff7-98b7-f082ee6d01ba&avt=eyJ2IjoyLCJtIjoxLCJwIjowLCJzIjowLCJuIjowfQ&p=2&sd=2025-03-12T19%3A00%3A00,https://resizer.otstatic.com/v2/photos/legacy/2/72906863.jpg,11. SEAD Cabo,,https://www.opentable.com/r/sead-cabo-cabo-san-lucas?corrid=00890699-fab7-4ff7-98b7-f082ee6d01ba&avt=eyJ2IjoyLCJtIjoxLCJwIjowLCJzIjowLCJuIjowfQ&p=2&sd=2025-03-12T19%3A00%3A00#reviews,(0),Price: Expensive,• International • Cabo San Lucas,You're in luck! We still have 2 timeslots left,https://www.opentable.com/book/validate?rid=1414168&d=2025-03-12T17%3A45%3A00&sd=2025-03-12T17%3A45%3A00&p=2&pt=100&pofids=&hash=837735284&avt=eyJ2IjoyLCJtIjoxLCJwIjowLCJjIjo0LCJzIjowLCJuIjowfQ&corrid=00890699-fab7-4ff7-98b7-f082ee6d01ba&tc=default&experienceIds=&ra=&isMandatory=false&st=Standard,5:45 PM*,https://www.opentable.com/book/validate?rid=1414168&d=2025-03-12T18%3A00%3A00&sd=2025-03-12T18%3A00%3A00&p=2&pt=100&pofids=&hash=2864157754&avt=eyJ2IjoyLCJtIjoxLCJwIjowLCJjIjo0LCJzIjowLCJuIjowfQ&corrid=00890699-fab7-4ff7-98b7-f082ee6d01ba&tc=default&experienceIds=&ra=&isMandatory=false&st=Standard,6:00 PM*,,,,,,,,,"International Soul cuisine with vegan & gluten-free options, we have the 1st Zero Proof Experience Bar in Baja, enjoy our Terraces & Ocean Views.",$,,NEW
https://www.opentable.com/r/sol-kbbq-cabo-san-lucas?corrid=00890699-fab7-4ff7-98b7-f082ee6d01ba&avt=eyJ2IjoyLCJtIjoxLCJwIjowLCJzIjowLCJuIjowfQ&p=2&sd=2025-03-12T19%3A00%3A00,https://resizer.otstatic.com/v2/photos/legacy/2/73656056.jpg,12. SOL KBBQ,Exceptional,https://www.opentable.com/r/sol-kbbq-cabo-san-lucas?corrid=00890699-fab7-4ff7-98b7-f082ee6d01ba&avt=eyJ2IjoyLCJtIjoxLCJwIjowLCJzIjowLCJuIjowfQ&p=2&sd=2025-03-12T19%3A00%3A00#reviews,(7),Price: Very Expensive,• Korean • Cabo San Lucas,Booked 7 times today,https://www.opentable.com/book/validate?rid=1419262&d=2025-03-12T18%3A15%3A00&sd=2025-03-12T18%3A15%3A00&p=2&pt=100&pofids=&hash=3527502293&avt=eyJ2IjoyLCJtIjoxLCJwIjowLCJjIjo0LCJzIjowLCJuIjowfQ&corrid=00890699-fab7-4ff7-98b7-f082ee6d01ba&tc=default&experienceIds=436712%2C436709&ra=&isMandatory=false&st=Experience,6:15 PM,https://www.opentable.com/book/validate?rid=1419262&d=2025-03-12T18%3A30%3A00&sd=2025-03-12T18%3A30%3A00&p=2&pt=100&pofids=&hash=2222246598&avt=eyJ2IjoyLCJtIjoxLCJwIjowLCJjIjo0LCJzIjowLCJuIjowfQ&corrid=00890699-fab7-4ff7-98b7-f082ee6d01ba&tc=default&experienceIds=436712%2C436709&ra=&isMandatory=false&st=Experience,6:30 PM,https://www.opentable.com/book/validate?rid=1419262&d=2025-03-12T19%3A30%3A00&sd=2025-03-12T19%3A30%3A00&p=2&pt=100&pofids=&hash=2469127109&avt=eyJ2IjoyLCJtIjoxLCJwIjowLCJjIjo0LCJzIjowLCJuIjowfQ&corrid=00890699-fab7-4ff7-98b7-f082ee6d01ba&tc=default&experienceIds=436712%2C436709&ra=&isMandatory=false&st=Experience,7:30 PM,https://www.opentable.com/book/validate?rid=1419262&d=2025-03-12T19%3A45%3A00&sd=2025-03-12T19%3A45%3A00&p=2&pt=100&pofids=&hash=451511623&avt=eyJ2IjoyLCJtIjoxLCJwIjowLCJjIjo0LCJzIjowLCJuIjowfQ&corrid=00890699-fab7-4ff7-98b7-f082ee6d01ba&tc=default&experienceIds=436712%2C436709&ra=&isMandatory=false&st=Experience,7:45 PM,,,Top experience,All You Can Eat - Premium,Brought good friends and clients and had a wonderful meal and experience! Coming back for sure!!!,,,NEW
https://www.opentable.com/r/cafe-des-artistes-los-cabos-san-jose-del-cabo?corrid=00890699-fab7-4ff7-98b7-f082ee6d01ba&avt=eyJ2IjoyLCJtIjoxLCJwIjowLCJzIjowLCJuIjowfQ&p=2&sd=2025-03-12T19%3A00%3A00,https://resizer.otstatic.com/v2/photos/legacy/1/24610431.jpg,13. Cafe des Artistes - Los Cabos,Exceptional,https://www.opentable.com/r/cafe-des-artistes-los-cabos-san-jose-del-cabo?corrid=00890699-fab7-4ff7-98b7-f082ee6d01ba&avt=eyJ2IjoyLCJtIjoxLCJwIjowLCJzIjowLCJuIjowfQ&p=2&sd=2025-03-12T19%3A00%3A00#reviews,(516),Price: Very Expensive,• Mexican • San José del Cabo,Booked 5 times today,https://www.opentable.com/book/validate?rid=192256&d=2025-03-12T18%3A30%3A00&sd=2025-03-12T18%3A30%3A00&p=2&pt=100&pofids=&hash=161146413&avt=eyJ2IjoyLCJtIjoxLCJwIjowLCJjIjo0LCJzIjowLCJuIjowfQ&corrid=00890699-fab7-4ff7-98b7-f082ee6d01ba&tc=default&experienceIds=&ra=&isMandatory=false&st=Standard,6:30 PM*,https://www.opentable.com/book/validate?rid=192256&d=2025-03-12T18%3A45%3A00&sd=2025-03-12T18%3A45%3A00&p=2&pt=100&pofids=&hash=3482083479&avt=eyJ2IjoyLCJtIjoxLCJwIjowLCJjIjo0LCJzIjowLCJuIjowfQ&corrid=00890699-fab7-4ff7-98b7-f082ee6d01ba&tc=default&experienceIds=&ra=&isMandatory=false&st=Standard,6:45 PM*,https://www.opentable.com/book/validate?rid=192256&d=2025-03-12T19%3A00%3A00&sd=2025-03-12T19%3A00%3A00&p=2&pt=100&pofids=&hash=2947912096&avt=eyJ2IjoyLCJtIjoxLCJwIjowLCJjIjo0LCJzIjowLCJuIjowfQ&corrid=00890699-fab7-4ff7-98b7-f082ee6d01ba&tc=default&experienceIds=&ra=&isMandatory=false&st=Standard,7:00 PM*,https://www.opentable.com/book/validate?rid=192256&d=2025-03-12T19%3A15%3A00&sd=2025-03-12T19%3A15%3A00&p=2&pt=100&pofids=&hash=1079704774&avt=eyJ2IjoyLCJtIjoxLCJwIjowLCJjIjo0LCJzIjowLCJuIjowfQ&corrid=00890699-fab7-4ff7-98b7-f082ee6d01ba&tc=default&experienceIds=&ra=&isMandatory=false&st=Standard,7:15 PM*,https://www.opentable.com/book/validate?rid=192256&d=2025-03-12T19%3A30%3A00&sd=2025-03-12T19%3A30%3A00&p=2&pt=100&pofids=&hash=2462380340&avt=eyJ2IjoyLCJtIjoxLCJwIjowLCJjIjo0LCJzIjowLCJuIjowfQ&corrid=00890699-fab7-4ff7-98b7-f082ee6d01ba&tc=default&experienceIds=&ra=&isMandatory=false&st=Standard,7:30 PM*,,,Amazing service. Juan was an awesome host. Great food beautifully displayed!,,,
https://www.opentable.com/r/milky-beach-cabo-san-lucas?corrid=00890699-fab7-4ff7-98b7-f082ee6d01ba&avt=eyJ2IjoyLCJtIjoxLCJwIjowLCJzIjowLCJuIjowfQ&p=2&sd=2025-03-12T19%3A00%3A00,https://resizer.otstatic.com/v2/photos/legacy/3/47271404.jpg,14. Milky Beach Cabo San Lucas,Excellent,https://www.opentable.com/r/milky-beach-cabo-san-lucas?corrid=00890699-fab7-4ff7-98b7-f082ee6d01ba&avt=eyJ2IjoyLCJtIjoxLCJwIjowLCJzIjowLCJuIjowfQ&p=2&sd=2025-03-12T19%3A00%3A00#reviews,(23),Price: Expensive,• Seafood • Cabo San Lucas,,https://www.opentable.com/book/validate?rid=1190539&d=2025-03-12T18%3A30%3A00&sd=2025-03-12T18%3A30%3A00&p=2&pt=100&pofids=&hash=3631704064&avt=eyJ2IjoyLCJtIjoxLCJwIjowLCJjIjozODE5MTAxLCJzIjowLCJuIjowfQ&corrid=00890699-fab7-4ff7-98b7-f082ee6d01ba&tc=default&experienceIds=&ra=&isMandatory=false&st=Standard,6:30 PM*,https://www.opentable.com/book/validate?rid=1190539&d=2025-03-12T18%3A45%3A00&sd=2025-03-12T18%3A45%3A00&p=2&pt=100&pofids=&hash=1821615204&avt=eyJ2IjoyLCJtIjoxLCJwIjowLCJjIjozODE5MTAxLCJzIjowLCJuIjowfQ&corrid=00890699-fab7-4ff7-98b7-f082ee6d01ba&tc=default&experienceIds=&ra=&isMandatory=false&st=Standard,6:45 PM*,https://www.opentable.com/book/validate?rid=1190539&d=2025-03-12T19%3A00%3A00&sd=2025-03-12T19%3A00%3A00&p=2&pt=100&pofids=&hash=2700258046&avt=eyJ2IjoyLCJtIjoxLCJwIjowLCJjIjozODE5MTAxLCJzIjowLCJuIjowfQ&corrid=00890699-fab7-4ff7-98b7-f082ee6d01ba&tc=default&experienceIds=&ra=&isMandatory=false&st=Standard,7:00 PM*,https://www.opentable.com/book/validate?rid=1190539&d=2025-03-12T19%3A15%3A00&sd=2025-03-12T19%3A15%3A00&p=2&pt=100&pofids=&hash=3941736606&avt=eyJ2IjoyLCJtIjoxLCJwIjowLCJjIjozODE5MTAxLCJzIjowLCJuIjowfQ&corrid=00890699-fab7-4ff7-98b7-f082ee6d01ba&tc=default&experienceIds=&ra=&isMandatory=false&st=Standard,7:15 PM*,https://www.opentable.com/book/validate?rid=1190539&d=2025-03-12T19%3A30%3A00&sd=2025-03-12T19%3A30%3A00&p=2&pt=100&pofids=&hash=3751566596&avt=eyJ2IjoyLCJtIjoxLCJwIjowLCJjIjozODE5MTAxLCJzIjowLCJuIjowfQ&corrid=00890699-fab7-4ff7-98b7-f082ee6d01ba&tc=default&experienceIds=&ra=&isMandatory=false&st=Standard,7:30 PM*,,,Love this place! Love the service.. food .. everything accept the super loud music!,$,,
https://www.opentable.com/r/steak-chops-and-such-cabo-san-lucas?corrid=00890699-fab7-4ff7-98b7-f082ee6d01ba&avt=eyJ2IjoyLCJtIjoxLCJwIjowLCJzIjowLCJuIjowfQ&p=2&sd=2025-03-12T19%3A00%3A00,https://resizer.otstatic.com/v2/photos/legacy/3/50045872.jpg,15. STEAK Chops & Such,Exceptional,https://www.opentable.com/r/steak-chops-and-such-cabo-san-lucas?corrid=00890699-fab7-4ff7-98b7-f082ee6d01ba&avt=eyJ2IjoyLCJtIjoxLCJwIjowLCJzIjowLCJuIjowfQ&p=2&sd=2025-03-12T19%3A00%3A00#reviews,(60),Price: Very Expensive,• Meat • Cabo San Lucas,Booked 1 time today,https://www.opentable.com/book/validate?rid=1266775&d=2025-03-12T18%3A30%3A00&sd=2025-03-12T18%3A30%3A00&p=2&pt=100&pofids=&hash=2621154357&avt=eyJ2IjoyLCJtIjoxLCJwIjowLCJjIjo0LCJzIjowLCJuIjowfQ&corrid=00890699-fab7-4ff7-98b7-f082ee6d01ba&tc=default&experienceIds=361730%2C346013%2C346009%2C446990&ra=&isMandatory=false&st=Experience,6:30 PM,https://www.opentable.com/book/validate?rid=1266775&d=2025-03-12T18%3A45%3A00&sd=2025-03-12T18%3A45%3A00&p=2&pt=100&pofids=&hash=1129533243&avt=eyJ2IjoyLCJtIjoxLCJwIjowLCJjIjo0LCJzIjowLCJuIjowfQ&corrid=00890699-fab7-4ff7-98b7-f082ee6d01ba&tc=default&experienceIds=361730%2C346013%2C346009%2C446990&ra=&isMandatory=false&st=Experience,6:45 PM,https://www.opentable.com/book/validate?rid=1266775&d=2025-03-12T19%3A00%3A00&sd=2025-03-12T19%3A00%3A00&p=2&pt=100&pofids=&hash=2675502363&avt=eyJ2IjoyLCJtIjoxLCJwIjowLCJjIjo0LCJzIjowLCJuIjowfQ&corrid=00890699-fab7-4ff7-98b7-f082ee6d01ba&tc=default&experienceIds=361730%2C346013%2C346009%2C446990&ra=&isMandatory=false&st=Experience,7:00 PM,https://www.opentable.com/book/validate?rid=1266775&d=2025-03-12T19%3A15%3A00&sd=2025-03-12T19%3A15%3A00&p=2&pt=100&pofids=&hash=435270206&avt=eyJ2IjoyLCJtIjoxLCJwIjowLCJjIjo0LCJzIjowLCJuIjowfQ&corrid=00890699-fab7-4ff7-98b7-f082ee6d01ba&tc=default&experienceIds=361730%2C346013%2C346009%2C446990&ra=&isMandatory=false&st=Experience,7:15 PM,https://www.opentable.com/book/validate?rid=1266775&d=2025-03-12T19%3A30%3A00&sd=2025-03-12T19%3A30%3A00&p=2&pt=100&pofids=&hash=454607739&avt=eyJ2IjoyLCJtIjoxLCJwIjowLCJjIjo0LCJzIjowLCJuIjowfQ&corrid=00890699-fab7-4ff7-98b7-f082ee6d01ba&tc=default&experienceIds=361730%2C346013%2C346009%2C446990&ra=&isMandatory=false&st=Experience,7:30 PM,Top experience,Rare Bourbon Flight,The food was great and the staff was excellent. Very good drinks and food,,,
https://www.opentable.com/r/estrella-restaurant-cabo-san-lucas?corrid=00890699-fab7-4ff7-98b7-f082ee6d01ba&avt=eyJ2IjoyLCJtIjoxLCJwIjowLCJzIjowLCJuIjowfQ&p=2&sd=2025-03-12T19%3A00%3A00,https://resizer.otstatic.com/v2/photos/legacy/2/67214445.jpg,16. Estrella Restaurant,Exceptional,https://www.opentable.com/r/estrella-restaurant-cabo-san-lucas?corrid=00890699-fab7-4ff7-98b7-f082ee6d01ba&avt=eyJ2IjoyLCJtIjoxLCJwIjowLCJzIjowLCJuIjowfQ&p=2&sd=2025-03-12T19%3A00%3A00#reviews,(1),Price: Very Expensive,• Regional Mexican (Baja Med) • Cabo San Lucas,,https://www.opentable.com/book/validate?rid=1381576&d=2025-03-12T18%3A30%3A00&sd=2025-03-12T18%3A30%3A00&p=2&pt=100&pofids=&hash=2790905149&avt=eyJ2IjoyLCJtIjoxLCJwIjowLCJjIjo0LCJzIjowLCJuIjowfQ&corrid=00890699-fab7-4ff7-98b7-f082ee6d01ba&tc=default&experienceIds=&ra=&isMandatory=false&st=Standard,6:30 PM,https://www.opentable.com/book/validate?rid=1381576&d=2025-03-12T18%3A45%3A00&sd=2025-03-12T18%3A45%3A00&p=2&pt=100&pofids=&hash=3811772255&avt=eyJ2IjoyLCJtIjoxLCJwIjowLCJjIjo0LCJzIjowLCJuIjowfQ&corrid=00890699-fab7-4ff7-98b7-f082ee6d01ba&tc=default&experienceIds=&ra=&isMandatory=false&st=Standard,6:45 PM,https://www.opentable.com/book/validate?rid=1381576&d=2025-03-12T19%3A00%3A00&sd=2025-03-12T19%3A00%3A00&p=2&pt=100&pofids=&hash=1083166072&avt=eyJ2IjoyLCJtIjoxLCJwIjowLCJjIjo0LCJzIjowLCJuIjowfQ&corrid=00890699-fab7-4ff7-98b7-f082ee6d01ba&tc=default&experienceIds=&ra=&isMandatory=false&st=Standard,7:00 PM,https://www.opentable.com/book/validate?rid=1381576&d=2025-03-12T19%3A15%3A00&sd=2025-03-12T19%3A15%3A00&p=2&pt=100&pofids=&hash=822439201&avt=eyJ2IjoyLCJtIjoxLCJwIjowLCJjIjo0LCJzIjowLCJuIjowfQ&corrid=00890699-fab7-4ff7-98b7-f082ee6d01ba&tc=default&experienceIds=&ra=&isMandatory=false&st=Standard,7:15 PM,https://www.opentable.com/book/validate?rid=1381576&d=2025-03-12T19%3A30%3A00&sd=2025-03-12T19%3A30%3A00&p=2&pt=100&pofids=&hash=61574270&avt=eyJ2IjoyLCJtIjoxLCJwIjowLCJjIjo0LCJzIjowLCJuIjowfQ&corrid=00890699-fab7-4ff7-98b7-f082ee6d01ba&tc=default&experienceIds=&ra=&isMandatory=false&st=Standard,7:30 PM,,,Amazing dinning experience here! Staff are extremely friendly & attentive. Food is fantastic!,,,
https://www.opentable.com/r/punta-medano-ceviche-bar-cabo-san-lucas?corrid=00890699-fab7-4ff7-98b7-f082ee6d01ba&avt=eyJ2IjoyLCJtIjoxLCJwIjowLCJzIjowLCJuIjowfQ&p=2&sd=2025-03-12T19%3A00%3A00,https://resizer.otstatic.com/v2/photos/legacy/2/70214401.jpg,17. Punta Médano Ceviche Bar,Exceptional,https://www.opentable.com/r/punta-medano-ceviche-bar-cabo-san-lucas?corrid=00890699-fab7-4ff7-98b7-f082ee6d01ba&avt=eyJ2IjoyLCJtIjoxLCJwIjowLCJzIjowLCJuIjowfQ&p=2&sd=2025-03-12T19%3A00%3A00#reviews,(12),Price: Expensive,• Seafood • Cabo San Lucas,You're in luck! We still have 2 timeslots left,https://www.opentable.com/book/validate?rid=1278268&d=2025-03-12T18%3A15%3A00&sd=2025-03-12T18%3A15%3A00&p=2&pt=100&pofids=&hash=3166685985&avt=eyJ2IjoyLCJtIjoxLCJwIjowLCJjIjo0LCJzIjowLCJuIjowfQ&corrid=00890699-fab7-4ff7-98b7-f082ee6d01ba&tc=default&experienceIds=&ra=&isMandatory=false&st=Standard,6:15 PM*,https://www.opentable.com/book/validate?rid=1278268&d=2025-03-12T18%3A30%3A00&sd=2025-03-12T18%3A30%3A00&p=2&pt=100&pofids=&hash=1904015065&avt=eyJ2IjoyLCJtIjoxLCJwIjowLCJjIjo0LCJzIjowLCJuIjowfQ&corrid=00890699-fab7-4ff7-98b7-f082ee6d01ba&tc=default&experienceIds=&ra=&isMandatory=false&st=Standard,6:30 PM*,,,,,,,,,"Wow! What a hidden gem! We had an amazing experience, every dish is exquisite and the presentation is outstanding. All the dishes were beyond our expectations! You must try the oysters and Baja Ceviche, truly the best ceviche we ever tasted! The owner and waiters are so kind and give the best recommendations. We can’t wait to go back!",$,Read more,
https://www.opentable.com/r/riccio-di-mare-at-solaz-a-luzury-collection-resort-san-jose-del-cabo?corrid=00890699-fab7-4ff7-98b7-f082ee6d01ba&avt=eyJ2IjoyLCJtIjoxLCJwIjowLCJzIjowLCJuIjowfQ&p=2&sd=2025-03-12T19%3A00%3A00,https://resizer.otstatic.com/v2/photos/legacy/3/50926062.jpg,"18. Riccio di Mare at Solaz, a Luxury Collection Resort",Awesome,https://www.opentable.com/r/riccio-di-mare-at-solaz-a-luzury-collection-resort-san-jose-del-cabo?corrid=00890699-fab7-4ff7-98b7-f082ee6d01ba&avt=eyJ2IjoyLCJtIjoxLCJwIjowLCJzIjowLCJuIjowfQ&p=2&sd=2025-03-12T19%3A00%3A00#reviews,(15),Price: Very Expensive,• Italian • San José del Cabo,Booked 1 time today,https://www.opentable.com/book/validate?rid=1272682&d=2025-03-12T18%3A30%3A00&sd=2025-03-12T18%3A30%3A00&p=2&pt=100&pofids=&hash=2395320381&avt=eyJ2IjoyLCJtIjoxLCJwIjowLCJjIjo0LCJzIjowLCJuIjowfQ&corrid=00890699-fab7-4ff7-98b7-f082ee6d01ba&tc=default&experienceIds=&ra=&isMandatory=false&st=Standard,6:30 PM*,https://www.opentable.com/book/validate?rid=1272682&d=2025-03-12T18%3A45%3A00&sd=2025-03-12T18%3A45%3A00&p=2&pt=100&pofids=&hash=3503935776&avt=eyJ2IjoyLCJtIjoxLCJwIjowLCJjIjo0LCJzIjowLCJuIjowfQ&corrid=00890699-fab7-4ff7-98b7-f082ee6d01ba&tc=default&experienceIds=&ra=&isMandatory=false&st=Standard,6:45 PM*,https://www.opentable.com/book/validate?rid=1272682&d=2025-03-12T19%3A00%3A00&sd=2025-03-12T19%3A00%3A00&p=2&pt=100&pofids=&hash=1735229516&avt=eyJ2IjoyLCJtIjoxLCJwIjowLCJjIjo0LCJzIjowLCJuIjowfQ&corrid=00890699-fab7-4ff7-98b7-f082ee6d01ba&tc=default&experienceIds=&ra=&isMandatory=false&st=Standard,7:00 PM*,https://www.opentable.com/book/validate?rid=1272682&d=2025-03-12T19%3A15%3A00&sd=2025-03-12T19%3A15%3A00&p=2&pt=100&pofids=&hash=3812407561&avt=eyJ2IjoyLCJtIjoxLCJwIjowLCJjIjo0LCJzIjowLCJuIjowfQ&corrid=00890699-fab7-4ff7-98b7-f082ee6d01ba&tc=default&experienceIds=&ra=&isMandatory=false&st=Standard,7:15 PM*,https://www.opentable.com/book/validate?rid=1272682&d=2025-03-12T19%3A30%3A00&sd=2025-03-12T19%3A30%3A00&p=2&pt=100&pofids=&hash=1159155372&avt=eyJ2IjoyLCJtIjoxLCJwIjowLCJjIjo0LCJzIjowLCJuIjowfQ&corrid=00890699-fab7-4ff7-98b7-f082ee6d01ba&tc=default&experienceIds=&ra=&isMandatory=false&st=Standard,7:30 PM*,,,"The staff was so wonderful, helpful and friendly! They even surprised us with a special desert for our celebration ☺️",,,
https://www.opentable.com/r/wine-bar-romeo-y-julieta-cabo-san-lucas?corrid=00890699-fab7-4ff7-98b7-f082ee6d01ba&avt=eyJ2IjoyLCJtIjoxLCJwIjowLCJzIjowLCJuIjowfQ&p=2&sd=2025-03-12T19%3A00%3A00,https://resizer.otstatic.com/v2/photos/legacy/2/27332978.jpg,19. Wine Bar - Romeo y Julieta,Awesome,https://www.opentable.com/r/wine-bar-romeo-y-julieta-cabo-san-lucas?corrid=00890699-fab7-4ff7-98b7-f082ee6d01ba&avt=eyJ2IjoyLCJtIjoxLCJwIjowLCJzIjowLCJuIjowfQ&p=2&sd=2025-03-12T19%3A00%3A00#reviews,(22),Price: Very Expensive,"• Global, International • Cabo San Lucas",Booked 1 time today,https://www.opentable.com/book/validate?rid=1042453&d=2025-03-12T18%3A30%3A00&sd=2025-03-12T18%3A30%3A00&p=2&pt=100&pofids=&hash=1797543887&avt=eyJ2IjoyLCJtIjoxLCJwIjowLCJjIjo0LCJzIjowLCJuIjowfQ&corrid=00890699-fab7-4ff7-98b7-f082ee6d01ba&tc=default&experienceIds=&ra=&isMandatory=false&st=Standard,6:30 PM,https://www.opentable.com/book/validate?rid=1042453&d=2025-03-12T18%3A45%3A00&sd=2025-03-12T18%3A45%3A00&p=2&pt=100&pofids=&hash=1544765122&avt=eyJ2IjoyLCJtIjoxLCJwIjowLCJjIjo0LCJzIjowLCJuIjowfQ&corrid=00890699-fab7-4ff7-98b7-f082ee6d01ba&tc=default&experienceIds=&ra=&isMandatory=false&st=Standard,6:45 PM,https://www.opentable.com/book/validate?rid=1042453&d=2025-03-12T19%3A00%3A00&sd=2025-03-12T19%3A00%3A00&p=2&pt=100&pofids=&hash=474294511&avt=eyJ2IjoyLCJtIjoxLCJwIjowLCJjIjo0LCJzIjowLCJuIjowfQ&corrid=00890699-fab7-4ff7-98b7-f082ee6d01ba&tc=default&experienceIds=&ra=&isMandatory=false&st=Standard,7:00 PM,https://www.opentable.com/book/validate?rid=1042453&d=2025-03-12T19%3A15%3A00&sd=2025-03-12T19%3A15%3A00&p=2&pt=100&pofids=&hash=1332435188&avt=eyJ2IjoyLCJtIjoxLCJwIjowLCJjIjo0LCJzIjowLCJuIjowfQ&corrid=00890699-fab7-4ff7-98b7-f082ee6d01ba&tc=default&experienceIds=&ra=&isMandatory=false&st=Standard,7:15 PM,https://www.opentable.com/book/validate?rid=1042453&d=2025-03-12T19%3A30%3A00&sd=2025-03-12T19%3A30%3A00&p=2&pt=100&pofids=&hash=342731546&avt=eyJ2IjoyLCJtIjoxLCJwIjowLCJjIjo0LCJzIjowLCJuIjowfQ&corrid=00890699-fab7-4ff7-98b7-f082ee6d01ba&tc=default&experienceIds=&ra=&isMandatory=false&st=Standard,7:30 PM,,,The wine flight and accompanying cheese and deli meat plate were a good start to help select a wine.,,,
https://www.opentable.com/r/the-green-room-todos-los-santos?corrid=00890699-fab7-4ff7-98b7-f082ee6d01ba&avt=eyJ2IjoyLCJtIjoxLCJwIjowLCJzIjowLCJuIjowfQ&p=2&sd=2025-03-12T19%3A00%3A00,https://resizer.otstatic.com/v2/photos/legacy/4/26521552.jpg,20. The Green Room,Exceptional,https://www.opentable.com/r/the-green-room-todos-los-santos?corrid=00890699-fab7-4ff7-98b7-f082ee6d01ba&avt=eyJ2IjoyLCJtIjoxLCJwIjowLCJzIjowLCJuIjowfQ&p=2&sd=2025-03-12T19%3A00%3A00#reviews,(904),Price: Very Expensive,• Seafood • Todos Santos,Booked 19 times today,https://www.opentable.com/book/validate?rid=1048774&d=2025-03-12T18%3A30%3A00&sd=2025-03-12T18%3A30%3A00&p=2&pt=100&pofids=&hash=510909674&avt=eyJ2IjoyLCJtIjoxLCJwIjowLCJjIjo0LCJzIjowLCJuIjowfQ&corrid=00890699-fab7-4ff7-98b7-f082ee6d01ba&tc=default&experienceIds=&ra=&isMandatory=false&st=Standard,6:30 PM,https://www.opentable.com/book/validate?rid=1048774&d=2025-03-12T18%3A45%3A00&sd=2025-03-12T18%3A45%3A00&p=2&pt=100&pofids=&hash=2243015313&avt=eyJ2IjoyLCJtIjoxLCJwIjowLCJjIjo0LCJzIjowLCJuIjowfQ&corrid=00890699-fab7-4ff7-98b7-f082ee6d01ba&tc=default&experienceIds=&ra=&isMandatory=false&st=Standard,6:45 PM,https://www.opentable.com/book/validate?rid=1048774&d=2025-03-12T19%3A00%3A00&sd=2025-03-12T19%3A00%3A00&p=2&pt=100&pofids=&hash=1579222119&avt=eyJ2IjoyLCJtIjoxLCJwIjowLCJjIjo0LCJzIjowLCJuIjowfQ&corrid=00890699-fab7-4ff7-98b7-f082ee6d01ba&tc=default&experienceIds=&ra=&isMandatory=false&st=Standard,7:00 PM,https://www.opentable.com/book/validate?rid=1048774&d=2025-03-12T19%3A15%3A00&sd=2025-03-12T19%3A15%3A00&p=2&pt=100&pofids=&hash=2850076835&avt=eyJ2IjoyLCJtIjoxLCJwIjowLCJjIjo0LCJzIjowLCJuIjowfQ&corrid=00890699-fab7-4ff7-98b7-f082ee6d01ba&tc=default&experienceIds=&ra=&isMandatory=false&st=Standard,7:15 PM,https://www.opentable.com/book/validate?rid=1048774&d=2025-03-12T19%3A30%3A00&sd=2025-03-12T19%3A30%3A00&p=2&pt=100&pofids=&hash=2880987244&avt=eyJ2IjoyLCJtIjoxLCJwIjowLCJjIjo0LCJzIjowLCJuIjowfQ&corrid=00890699-fab7-4ff7-98b7-f082ee6d01ba&tc=default&experienceIds=&ra=&isMandatory=false&st=Standard,7:30 PM,,,"We had an amazing time at the Green room and strongly recommend to anyone visiting the todos santos area. The food was incredible, the cocktails were delicious and the sunset views incredible. The staff was very kind and did a great job.",,Read more,
https://www.opentable.com/r/panchos-restaurant-and-tequila-bar-cabo-san-lucas?corrid=00890699-fab7-4ff7-98b7-f082ee6d01ba&avt=eyJ2IjoyLCJtIjoxLCJwIjowLCJzIjowLCJuIjowfQ&p=2&sd=2025-03-12T19%3A00%3A00,https://resizer.otstatic.com/v2/photos/legacy/3/46813026.jpg,21. Pancho´s Restaurant & Tequila Bar,Exceptional,https://www.opentable.com/r/panchos-restaurant-and-tequila-bar-cabo-san-lucas?corrid=00890699-fab7-4ff7-98b7-f082ee6d01ba&avt=eyJ2IjoyLCJtIjoxLCJwIjowLCJzIjowLCJuIjowfQ&p=2&sd=2025-03-12T19%3A00%3A00#reviews,(59),Price: Moderate,• Mexican • Cabo San Lucas,Booked 3 times today,https://www.opentable.com/book/validate?rid=1212775&d=2025-03-12T18%3A30%3A00&sd=2025-03-12T18%3A30%3A00&p=2&pt=100&pofids=&hash=3640816783&avt=eyJ2IjoyLCJtIjoxLCJwIjowLCJjIjo0LCJzIjowLCJuIjowfQ&corrid=00890699-fab7-4ff7-98b7-f082ee6d01ba&tc=default&experienceIds=&ra=&isMandatory=false&st=Standard,6:30 PM*,https://www.opentable.com/book/validate?rid=1212775&d=2025-03-12T18%3A45%3A00&sd=2025-03-12T18%3A45%3A00&p=2&pt=100&pofids=&hash=1772914298&avt=eyJ2IjoyLCJtIjoxLCJwIjowLCJjIjo0LCJzIjowLCJuIjowfQ&corrid=00890699-fab7-4ff7-98b7-f082ee6d01ba&tc=default&experienceIds=&ra=&isMandatory=false&st=Standard,6:45 PM*,https://www.opentable.com/book/validate?rid=1212775&d=2025-03-12T19%3A00%3A00&sd=2025-03-12T19%3A00%3A00&p=2&pt=100&pofids=&hash=1466804591&avt=eyJ2IjoyLCJtIjoxLCJwIjowLCJjIjo0LCJzIjowLCJuIjowfQ&corrid=00890699-fab7-4ff7-98b7-f082ee6d01ba&tc=default&experienceIds=&ra=&isMandatory=false&st=Standard,7:00 PM*,https://www.opentable.com/book/validate?rid=1212775&d=2025-03-12T19%3A15%3A00&sd=2025-03-12T19%3A15%3A00&p=2&pt=100&pofids=&hash=3611497863&avt=eyJ2IjoyLCJtIjoxLCJwIjowLCJjIjo0LCJzIjowLCJuIjowfQ&corrid=00890699-fab7-4ff7-98b7-f082ee6d01ba&tc=default&experienceIds=&ra=&isMandatory=false&st=Standard,7:15 PM*,https://www.opentable.com/book/validate?rid=1212775&d=2025-03-12T19%3A30%3A00&sd=2025-03-12T19%3A30%3A00&p=2&pt=100&pofids=&hash=4057027977&avt=eyJ2IjoyLCJtIjoxLCJwIjowLCJjIjo0LCJzIjowLCJuIjowfQ&corrid=00890699-fab7-4ff7-98b7-f082ee6d01ba&tc=default&experienceIds=&ra=&isMandatory=false&st=Standard,7:30 PM*,,,Great choice of food with nice and strong margaritas. Prices very reasonable. Friendly service. Inside was decorated very nicely. Good choice to scratch that ‘I want some Mexican food’ itch.,$$,,
https://www.opentable.com/r/la-playita-by-hotel-san-cristobal-todos-santos?corrid=00890699-fab7-4ff7-98b7-f082ee6d01ba&avt=eyJ2IjoyLCJtIjoxLCJwIjowLCJzIjowLCJuIjowfQ&p=2&sd=2025-03-12T19%3A00%3A00,https://resizer.otstatic.com/v2/photos/legacy/3/66778816.jpg,22. La Playita by Hotel San Cristobal,Exceptional,https://www.opentable.com/r/la-playita-by-hotel-san-cristobal-todos-santos?corrid=00890699-fab7-4ff7-98b7-f082ee6d01ba&avt=eyJ2IjoyLCJtIjoxLCJwIjowLCJzIjowLCJuIjowfQ&p=2&sd=2025-03-12T19%3A00%3A00#reviews,(3),Price: Very Expensive,• Seafood • Cabo San Lucas,Booked 2 times today,https://www.opentable.com/book/validate?rid=1376551&d=2025-03-12T17%3A45%3A00&sd=2025-03-12T17%3A45%3A00&p=2&pt=100&pofids=&hash=2195557743&avt=eyJ2IjoyLCJtIjoxLCJwIjowLCJjIjo0LCJzIjowLCJuIjowfQ&corrid=00890699-fab7-4ff7-98b7-f082ee6d01ba&tc=default&experienceIds=&ra=&isMandatory=false&st=Standard,5:45 PM,https://www.opentable.com/book/validate?rid=1376551&d=2025-03-12T18%3A00%3A00&sd=2025-03-12T18%3A00%3A00&p=2&pt=100&pofids=&hash=4044742333&avt=eyJ2IjoyLCJtIjoxLCJwIjowLCJjIjo0LCJzIjowLCJuIjowfQ&corrid=00890699-fab7-4ff7-98b7-f082ee6d01ba&tc=default&experienceIds=&ra=&isMandatory=false&st=Standard,6:00 PM,,,,,,,You're in luck! We still have 2 timeslots left,,Very nice place. Food is fresh but not as great as it used to be. The service very attentive and accommodating. Pricey but if you want to have your meal with a stunning view this is the place,,,
https://www.opentable.com/r/las-mariscadas-cabo-san-lucas?corrid=00890699-fab7-4ff7-98b7-f082ee6d01ba&avt=eyJ2IjoyLCJtIjoxLCJwIjowLCJzIjowLCJuIjowfQ&p=2&sd=2025-03-12T19%3A00%3A00,https://resizer.otstatic.com/v2/photos/legacy/3/51564398.jpg,23. Las Mariscadas,Exceptional,https://www.opentable.com/r/las-mariscadas-cabo-san-lucas?corrid=00890699-fab7-4ff7-98b7-f082ee6d01ba&avt=eyJ2IjoyLCJtIjoxLCJwIjowLCJzIjowLCJuIjowfQ&p=2&sd=2025-03-12T19%3A00%3A00#reviews,(41),Price: Moderate,• Seafood • Cabo San Lucas,,https://www.opentable.com/book/validate?rid=1265158&d=2025-03-12T18%3A30%3A00&sd=2025-03-12T18%3A30%3A00&p=2&pt=100&pofids=&hash=464559676&avt=eyJ2IjoyLCJtIjoxLCJwIjowLCJjIjo0LCJzIjowLCJuIjowfQ&corrid=00890699-fab7-4ff7-98b7-f082ee6d01ba&tc=default&experienceIds=&ra=&isMandatory=false&st=Standard,6:30 PM,https://www.opentable.com/book/validate?rid=1265158&d=2025-03-12T18%3A45%3A00&sd=2025-03-12T18%3A45%3A00&p=2&pt=100&pofids=&hash=560148365&avt=eyJ2IjoyLCJtIjoxLCJwIjowLCJjIjo0LCJzIjowLCJuIjowfQ&corrid=00890699-fab7-4ff7-98b7-f082ee6d01ba&tc=default&experienceIds=&ra=&isMandatory=false&st=Standard,6:45 PM,https://www.opentable.com/book/validate?rid=1265158&d=2025-03-12T19%3A00%3A00&sd=2025-03-12T19%3A00%3A00&p=2&pt=100&pofids=&hash=264174600&avt=eyJ2IjoyLCJtIjoxLCJwIjowLCJjIjo0LCJzIjowLCJuIjowfQ&corrid=00890699-fab7-4ff7-98b7-f082ee6d01ba&tc=default&experienceIds=&ra=&isMandatory=false&st=Standard,7:00 PM,https://www.opentable.com/book/validate?rid=1265158&d=2025-03-12T19%3A15%3A00&sd=2025-03-12T19%3A15%3A00&p=2&pt=100&pofids=&hash=2355949312&avt=eyJ2IjoyLCJtIjoxLCJwIjowLCJjIjo0LCJzIjowLCJuIjowfQ&corrid=00890699-fab7-4ff7-98b7-f082ee6d01ba&tc=default&experienceIds=&ra=&isMandatory=false&st=Standard,7:15 PM,https://www.opentable.com/book/validate?rid=1265158&d=2025-03-12T19%3A30%3A00&sd=2025-03-12T19%3A30%3A00&p=2&pt=100&pofids=&hash=3573095866&avt=eyJ2IjoyLCJtIjoxLCJwIjowLCJjIjo0LCJzIjowLCJuIjowfQ&corrid=00890699-fab7-4ff7-98b7-f082ee6d01ba&tc=default&experienceIds=&ra=&isMandatory=false&st=Standard,7:30 PM,,,"Excellent all around. Great, knowledgeable staff. The owner is always present contributing to the ambiance along with the long term professional staff. Great value for excellent food and drinks. One of the very best in Cabo!!!!",$$,Read more,
https://www.opentable.com/r/oystera-todos-santos?corrid=00890699-fab7-4ff7-98b7-f082ee6d01ba&avt=eyJ2IjoyLCJtIjoxLCJwIjowLCJzIjowLCJuIjowfQ&p=2&sd=2025-03-12T19%3A00%3A00,https://resizer.otstatic.com/v2/photos/legacy/2/56251744.jpg,24. Oystera,Exceptional,https://www.opentable.com/r/oystera-todos-santos?corrid=00890699-fab7-4ff7-98b7-f082ee6d01ba&avt=eyJ2IjoyLCJtIjoxLCJwIjowLCJzIjowLCJuIjowfQ&p=2&sd=2025-03-12T19%3A00%3A00#reviews,(334),Price: Very Expensive,• Seafood • Todos Santos,Booked 17 times today,https://www.opentable.com/book/validate?rid=1175293&d=2025-03-12T18%3A30%3A00&sd=2025-03-12T18%3A30%3A00&p=2&pt=100&pofids=&hash=3003074493&avt=eyJ2IjoyLCJtIjoxLCJwIjowLCJjIjo0LCJzIjowLCJuIjowfQ&corrid=00890699-fab7-4ff7-98b7-f082ee6d01ba&tc=default&experienceIds=&ra=&isMandatory=false&st=Standard,6:30 PM*,https://www.opentable.com/book/validate?rid=1175293&d=2025-03-12T18%3A45%3A00&sd=2025-03-12T18%3A45%3A00&p=2&pt=100&pofids=&hash=1184676243&avt=eyJ2IjoyLCJtIjoxLCJwIjowLCJjIjo0LCJzIjowLCJuIjowfQ&corrid=00890699-fab7-4ff7-98b7-f082ee6d01ba&tc=default&experienceIds=&ra=&isMandatory=false&st=Standard,6:45 PM*,https://www.opentable.com/book/validate?rid=1175293&d=2025-03-12T19%3A00%3A00&sd=2025-03-12T19%3A00%3A00&p=2&pt=100&pofids=&hash=2500792164&avt=eyJ2IjoyLCJtIjoxLCJwIjowLCJjIjo0LCJzIjowLCJuIjowfQ&corrid=00890699-fab7-4ff7-98b7-f082ee6d01ba&tc=default&experienceIds=&ra=&isMandatory=false&st=Standard,7:00 PM*,https://www.opentable.com/book/validate?rid=1175293&d=2025-03-12T19%3A15%3A00&sd=2025-03-12T19%3A15%3A00&p=2&pt=100&pofids=&hash=4044847690&avt=eyJ2IjoyLCJtIjoxLCJwIjowLCJjIjo0LCJzIjowLCJuIjowfQ&corrid=00890699-fab7-4ff7-98b7-f082ee6d01ba&tc=default&experienceIds=&ra=&isMandatory=false&st=Standard,7:15 PM*,https://www.opentable.com/book/validate?rid=1175293&d=2025-03-12T19%3A30%3A00&sd=2025-03-12T19%3A30%3A00&p=2&pt=100&pofids=&hash=1823489855&avt=eyJ2IjoyLCJtIjoxLCJwIjowLCJjIjo0LCJzIjowLCJuIjowfQ&corrid=00890699-fab7-4ff7-98b7-f082ee6d01ba&tc=default&experienceIds=&ra=&isMandatory=false&st=Standard,7:30 PM*,,,This was one of the very best food experiences our group of Six have had in a long time!!,,,
https://www.opentable.com/r/latino-8-san-jose-del-cabo?corrid=00890699-fab7-4ff7-98b7-f082ee6d01ba&avt=eyJ2IjoyLCJtIjoxLCJwIjowLCJzIjowLCJuIjowfQ&p=2&sd=2025-03-12T19%3A00%3A00,https://resizer.otstatic.com/v2/photos/legacy/1/25840434.jpg,25. Latino 8,Exceptional,https://www.opentable.com/r/latino-8-san-jose-del-cabo?corrid=00890699-fab7-4ff7-98b7-f082ee6d01ba&avt=eyJ2IjoyLCJtIjoxLCJwIjowLCJzIjowLCJuIjowfQ&p=2&sd=2025-03-12T19%3A00%3A00#reviews,(215),Price: Expensive,• Latin American • San José del Cabo,,https://www.opentable.com/book/validate?rid=1026577&d=2025-03-12T18%3A30%3A00&sd=2025-03-12T18%3A30%3A00&p=2&pt=100&pofids=&hash=3879136930&avt=eyJ2IjoyLCJtIjoxLCJwIjowLCJjIjo0LCJzIjowLCJuIjowfQ&corrid=00890699-fab7-4ff7-98b7-f082ee6d01ba&tc=default&experienceIds=&ra=&isMandatory=false&st=Standard,6:30 PM,https://www.opentable.com/book/validate?rid=1026577&d=2025-03-12T18%3A45%3A00&sd=2025-03-12T18%3A45%3A00&p=2&pt=100&pofids=&hash=971394640&avt=eyJ2IjoyLCJtIjoxLCJwIjowLCJjIjo0LCJzIjowLCJuIjowfQ&corrid=00890699-fab7-4ff7-98b7-f082ee6d01ba&tc=default&experienceIds=&ra=&isMandatory=false&st=Standard,6:45 PM,https://www.opentable.com/book/validate?rid=1026577&d=2025-03-12T19%3A00%3A00&sd=2025-03-12T19%3A00%3A00&p=2&pt=100&pofids=&hash=269183886&avt=eyJ2IjoyLCJtIjoxLCJwIjowLCJjIjo0LCJzIjowLCJuIjowfQ&corrid=00890699-fab7-4ff7-98b7-f082ee6d01ba&tc=default&experienceIds=&ra=&isMandatory=false&st=Standard,7:00 PM,https://www.opentable.com/book/validate?rid=1026577&d=2025-03-12T19%3A15%3A00&sd=2025-03-12T19%3A15%3A00&p=2&pt=100&pofids=&hash=1382203887&avt=eyJ2IjoyLCJtIjoxLCJwIjowLCJjIjo0LCJzIjowLCJuIjowfQ&corrid=00890699-fab7-4ff7-98b7-f082ee6d01ba&tc=default&experienceIds=&ra=&isMandatory=false&st=Standard,7:15 PM,https://www.opentable.com/book/validate?rid=1026577&d=2025-03-12T19%3A30%3A00&sd=2025-03-12T19%3A30%3A00&p=2&pt=100&pofids=&hash=1579354701&avt=eyJ2IjoyLCJtIjoxLCJwIjowLCJjIjo0LCJzIjowLCJuIjowfQ&corrid=00890699-fab7-4ff7-98b7-f082ee6d01ba&tc=default&experienceIds=&ra=&isMandatory=false&st=Standard,7:30 PM,,,We had a ladies lunch Food and service was excellent We enjoyed the all you can eat lunch menu,$,,
https://www.opentable.com/r/codigo-1530-tasting-house-by-la-lupita-san-jose-del-cabo?corrid=00890699-fab7-4ff7-98b7-f082ee6d01ba&avt=eyJ2IjoyLCJtIjoxLCJwIjowLCJzIjowLCJuIjowfQ&p=2&sd=2025-03-12T19%3A00%3A00,https://resizer.otstatic.com/v2/photos/legacy/2/51912266.jpg,26. CÓDIGO 1530 Tasting House by La Lupita,Exceptional,https://www.opentable.com/r/codigo-1530-tasting-house-by-la-lupita-san-jose-del-cabo?corrid=00890699-fab7-4ff7-98b7-f082ee6d01ba&avt=eyJ2IjoyLCJtIjoxLCJwIjowLCJzIjowLCJuIjowfQ&p=2&sd=2025-03-12T19%3A00%3A00#reviews,(67),Price: Expensive,• Mexican • San José del Cabo,Booked 12 times today,https://www.opentable.com/book/validate?rid=1274500&d=2025-03-12T18%3A30%3A00&sd=2025-03-12T18%3A30%3A00&p=2&pt=100&pofids=&hash=413531073&avt=eyJ2IjoyLCJtIjoxLCJwIjowLCJjIjo0LCJzIjowLCJuIjowfQ&corrid=00890699-fab7-4ff7-98b7-f082ee6d01ba&tc=default&experienceIds=&ra=&isMandatory=false&st=Standard,6:30 PM,https://www.opentable.com/book/validate?rid=1274500&d=2025-03-12T18%3A45%3A00&sd=2025-03-12T18%3A45%3A00&p=2&pt=100&pofids=&hash=2162949532&avt=eyJ2IjoyLCJtIjoxLCJwIjowLCJjIjo0LCJzIjowLCJuIjowfQ&corrid=00890699-fab7-4ff7-98b7-f082ee6d01ba&tc=default&experienceIds=&ra=&isMandatory=false&st=Standard,6:45 PM,https://www.opentable.com/book/validate?rid=1274500&d=2025-03-12T19%3A00%3A00&sd=2025-03-12T19%3A00%3A00&p=2&pt=100&pofids=&hash=1803669886&avt=eyJ2IjoyLCJtIjoxLCJwIjowLCJjIjo0LCJzIjowLCJuIjowfQ&corrid=00890699-fab7-4ff7-98b7-f082ee6d01ba&tc=default&experienceIds=&ra=&isMandatory=false&st=Standard,7:00 PM,https://www.opentable.com/book/validate?rid=1274500&d=2025-03-12T19%3A15%3A00&sd=2025-03-12T19%3A15%3A00&p=2&pt=100&pofids=&hash=1258024545&avt=eyJ2IjoyLCJtIjoxLCJwIjowLCJjIjo0LCJzIjowLCJuIjowfQ&corrid=00890699-fab7-4ff7-98b7-f082ee6d01ba&tc=default&experienceIds=&ra=&isMandatory=false&st=Standard,7:15 PM,https://www.opentable.com/book/validate?rid=1274500&d=2025-03-12T19%3A30%3A00&sd=2025-03-12T19%3A30%3A00&p=2&pt=100&pofids=&hash=2353851321&avt=eyJ2IjoyLCJtIjoxLCJwIjowLCJjIjo0LCJzIjowLCJuIjowfQ&corrid=00890699-fab7-4ff7-98b7-f082ee6d01ba&tc=default&experienceIds=&ra=&isMandatory=false&st=Standard,7:30 PM,,,Great Dinner ! Tacos were fantastic ….especially the ones that have the Cheese as the shell !! The vegetarian options are also great especially the curry one . Music was wonderful ! A must visit when in SDJ,$,,
https://www.opentable.com/r/kahal-el-pescadero?corrid=00890699-fab7-4ff7-98b7-f082ee6d01ba&avt=eyJ2IjoyLCJtIjoxLCJwIjowLCJzIjowLCJuIjowfQ&p=2&sd=2025-03-12T19%3A00%3A00,https://resizer.otstatic.com/v2/photos/legacy/3/57034111.jpg,27. Kahal,Exceptional,https://www.opentable.com/r/kahal-el-pescadero?corrid=00890699-fab7-4ff7-98b7-f082ee6d01ba&avt=eyJ2IjoyLCJtIjoxLCJwIjowLCJzIjowLCJuIjowfQ&p=2&sd=2025-03-12T19%3A00%3A00#reviews,(54),Price: Very Expensive,• Seafood • El Pescadero,Booked 4 times today,https://www.opentable.com/book/validate?rid=1264330&d=2025-03-12T18%3A30%3A00&sd=2025-03-12T18%3A30%3A00&p=2&pt=100&pofids=&hash=3917833850&avt=eyJ2IjoyLCJtIjoxLCJwIjowLCJjIjo0LCJzIjowLCJuIjowfQ&corrid=00890699-fab7-4ff7-98b7-f082ee6d01ba&tc=default&experienceIds=&ra=&isMandatory=false&st=Standard,6:30 PM,https://www.opentable.com/book/validate?rid=1264330&d=2025-03-12T18%3A45%3A00&sd=2025-03-12T18%3A45%3A00&p=2&pt=100&pofids=&hash=3706840144&avt=eyJ2IjoyLCJtIjoxLCJwIjowLCJjIjo0LCJzIjowLCJuIjowfQ&corrid=00890699-fab7-4ff7-98b7-f082ee6d01ba&tc=default&experienceIds=&ra=&isMandatory=false&st=Standard,6:45 PM,https://www.opentable.com/book/validate?rid=1264330&d=2025-03-12T19%3A00%3A00&sd=2025-03-12T19%3A00%3A00&p=2&pt=100&pofids=&hash=3474523910&avt=eyJ2IjoyLCJtIjoxLCJwIjowLCJjIjo0LCJzIjowLCJuIjowfQ&corrid=00890699-fab7-4ff7-98b7-f082ee6d01ba&tc=default&experienceIds=&ra=&isMandatory=false&st=Standard,7:00 PM,https://www.opentable.com/book/validate?rid=1264330&d=2025-03-12T19%3A15%3A00&sd=2025-03-12T19%3A15%3A00&p=2&pt=100&pofids=&hash=1725769688&avt=eyJ2IjoyLCJtIjoxLCJwIjowLCJjIjo0LCJzIjowLCJuIjowfQ&corrid=00890699-fab7-4ff7-98b7-f082ee6d01ba&tc=default&experienceIds=&ra=&isMandatory=false&st=Standard,7:15 PM,https://www.opentable.com/book/validate?rid=1264330&d=2025-03-12T19%3A30%3A00&sd=2025-03-12T19%3A30%3A00&p=2&pt=100&pofids=&hash=612311989&avt=eyJ2IjoyLCJtIjoxLCJwIjowLCJjIjo0LCJzIjowLCJuIjowfQ&corrid=00890699-fab7-4ff7-98b7-f082ee6d01ba&tc=default&experienceIds=&ra=&isMandatory=false&st=Standard,7:30 PM,,,Everything was top notch. Food excellent and refreshing. Cocktails were amazing. Wine service was fabulous. The sommelier was tremendous. Wed give it 6 stars if possible,,,
https://www.opentable.com/r/agave-study-at-peacock-alley-cabo-san-lucas?corrid=00890699-fab7-4ff7-98b7-f082ee6d01ba&avt=eyJ2IjoyLCJtIjoxLCJwIjowLCJzIjowLCJuIjowfQ&p=2&sd=2025-03-12T19%3A00%3A00,https://resizer.otstatic.com/v2/photos/legacy/3/51777795.jpg,28. Agave Study at Peacock Alley,Exceptional,https://www.opentable.com/r/agave-study-at-peacock-alley-cabo-san-lucas?corrid=00890699-fab7-4ff7-98b7-f082ee6d01ba&avt=eyJ2IjoyLCJtIjoxLCJwIjowLCJzIjowLCJuIjowfQ&p=2&sd=2025-03-12T19%3A00%3A00#reviews,(2),Price: Very Expensive,• Lounge • Cabo San Lucas,,https://www.opentable.com/book/validate?rid=1281148&d=2025-03-12T18%3A30%3A00&sd=2025-03-12T18%3A30%3A00&p=2&pt=100&pofids=&hash=1484281052&avt=eyJ2IjoyLCJtIjoxLCJwIjowLCJjIjo0LCJzIjowLCJuIjowfQ&corrid=00890699-fab7-4ff7-98b7-f082ee6d01ba&tc=default&experienceIds=&ra=&isMandatory=false&st=Standard,6:30 PM,https://www.opentable.com/book/validate?rid=1281148&d=2025-03-12T18%3A45%3A00&sd=2025-03-12T18%3A45%3A00&p=2&pt=100&pofids=&hash=3488881245&avt=eyJ2IjoyLCJtIjoxLCJwIjowLCJjIjo0LCJzIjowLCJuIjowfQ&corrid=00890699-fab7-4ff7-98b7-f082ee6d01ba&tc=default&experienceIds=&ra=&isMandatory=false&st=Standard,6:45 PM,https://www.opentable.com/book/validate?rid=1281148&d=2025-03-12T19%3A00%3A00&sd=2025-03-12T19%3A00%3A00&p=2&pt=100&pofids=&hash=1868185292&avt=eyJ2IjoyLCJtIjoxLCJwIjowLCJjIjo0LCJzIjowLCJuIjowfQ&corrid=00890699-fab7-4ff7-98b7-f082ee6d01ba&tc=default&experienceIds=&ra=&isMandatory=false&st=Standard,7:00 PM,https://www.opentable.com/book/validate?rid=1281148&d=2025-03-12T19%3A15%3A00&sd=2025-03-12T19%3A15%3A00&p=2&pt=100&pofids=&hash=2917669529&avt=eyJ2IjoyLCJtIjoxLCJwIjowLCJjIjo0LCJzIjowLCJuIjowfQ&corrid=00890699-fab7-4ff7-98b7-f082ee6d01ba&tc=default&experienceIds=&ra=&isMandatory=false&st=Standard,7:15 PM,https://www.opentable.com/book/validate?rid=1281148&d=2025-03-12T19%3A30%3A00&sd=2025-03-12T19%3A30%3A00&p=2&pt=100&pofids=&hash=1746740220&avt=eyJ2IjoyLCJtIjoxLCJwIjowLCJjIjo0LCJzIjowLCJuIjowfQ&corrid=00890699-fab7-4ff7-98b7-f082ee6d01ba&tc=default&experienceIds=&ra=&isMandatory=false&st=Standard,7:30 PM,,,Amazing experience!! We learned so much about Tequila!!,,,
https://www.opentable.com/r/sushi-sky-bar-grand-fiesta-americana-los-cabos-golf-and-spa-los-cabos?corrid=00890699-fab7-4ff7-98b7-f082ee6d01ba&avt=eyJ2IjoyLCJtIjoxLCJwIjowLCJzIjowLCJuIjowfQ&p=2&sd=2025-03-12T19%3A00%3A00,https://resizer.otstatic.com/v2/photos/legacy/4/67061115.jpg,29. Sushi Sky Bar - Grand Fiesta Americana Los Cabos Golf & Spa,Exceptional,https://www.opentable.com/r/sushi-sky-bar-grand-fiesta-americana-los-cabos-golf-and-spa-los-cabos?corrid=00890699-fab7-4ff7-98b7-f082ee6d01ba&avt=eyJ2IjoyLCJtIjoxLCJwIjowLCJzIjowLCJuIjowfQ&p=2&sd=2025-03-12T19%3A00%3A00#reviews,(0),Price: Very Expensive,• Japanese Speciality • Cabo San Lucas,Booked 2 times today,https://www.opentable.com/book/validate?rid=1380097&d=2025-03-12T18%3A30%3A00&sd=2025-03-12T18%3A30%3A00&p=2&pt=100&pofids=&hash=1178177068&avt=eyJ2IjoyLCJtIjoxLCJwIjowLCJjIjo0LCJzIjowLCJuIjowfQ&corrid=00890699-fab7-4ff7-98b7-f082ee6d01ba&tc=default&experienceIds=&ra=&isMandatory=false&st=Standard,6:30 PM,https://www.opentable.com/book/validate?rid=1380097&d=2025-03-12T18%3A45%3A00&sd=2025-03-12T18%3A45%3A00&p=2&pt=100&pofids=&hash=3323448323&avt=eyJ2IjoyLCJtIjoxLCJwIjowLCJjIjo0LCJzIjowLCJuIjowfQ&corrid=00890699-fab7-4ff7-98b7-f082ee6d01ba&tc=default&experienceIds=&ra=&isMandatory=false&st=Standard,6:45 PM,https://www.opentable.com/book/validate?rid=1380097&d=2025-03-12T19%3A00%3A00&sd=2025-03-12T19%3A00%3A00&p=2&pt=100&pofids=&hash=2748085425&avt=eyJ2IjoyLCJtIjoxLCJwIjowLCJjIjo0LCJzIjowLCJuIjowfQ&corrid=00890699-fab7-4ff7-98b7-f082ee6d01ba&tc=default&experienceIds=&ra=&isMandatory=false&st=Standard,7:00 PM,https://www.opentable.com/book/validate?rid=1380097&d=2025-03-12T19%3A15%3A00&sd=2025-03-12T19%3A15%3A00&p=2&pt=100&pofids=&hash=1897687838&avt=eyJ2IjoyLCJtIjoxLCJwIjowLCJjIjo0LCJzIjowLCJuIjowfQ&corrid=00890699-fab7-4ff7-98b7-f082ee6d01ba&tc=default&experienceIds=&ra=&isMandatory=false&st=Standard,7:15 PM,https://www.opentable.com/book/validate?rid=1380097&d=2025-03-12T19%3A30%3A00&sd=2025-03-12T19%3A30%3A00&p=2&pt=100&pofids=&hash=4090301363&avt=eyJ2IjoyLCJtIjoxLCJwIjowLCJjIjo0LCJzIjowLCJuIjowfQ&corrid=00890699-fab7-4ff7-98b7-f082ee6d01ba&tc=default&experienceIds=&ra=&isMandatory=false&st=Standard,7:30 PM,,,"Nights in Los Cabos are magical, with an infinite starry sky. Sushi Sky Bar showcases a lounge-like atmosphere and spectacular views of the Mar de ​​Cortés and the skyline, and is the perfect spot for a meal with friends. Enjoy our sushi restaurant in Los Cabos, as well as national and imported drinks and cocktails in a stylish environment.",,Read more,
https://www.opentable.com/r/benno-todos-los-santos?corrid=00890699-fab7-4ff7-98b7-f082ee6d01ba&avt=eyJ2IjoyLCJtIjoxLCJwIjowLCJzIjowLCJuIjowfQ&p=2&sd=2025-03-12T19%3A00%3A00,https://resizer.otstatic.com/v2/photos/legacy/4/28647765.jpg,30. Benno at Hotel San Cristóbal,Exceptional,https://www.opentable.com/r/benno-todos-los-santos?corrid=00890699-fab7-4ff7-98b7-f082ee6d01ba&avt=eyJ2IjoyLCJtIjoxLCJwIjowLCJzIjowLCJuIjowfQ&p=2&sd=2025-03-12T19%3A00%3A00#reviews,(139),Price: Very Expensive,• Mexican • Todos Santos,Booked 3 times today,https://www.opentable.com/book/validate?rid=984637&d=2025-03-12T18%3A30%3A00&sd=2025-03-12T18%3A30%3A00&p=2&pt=100&pofids=&hash=917207623&avt=eyJ2IjoyLCJtIjoxLCJwIjowLCJjIjo0LCJzIjowLCJuIjowfQ&corrid=00890699-fab7-4ff7-98b7-f082ee6d01ba&tc=default&experienceIds=&ra=&isMandatory=false&st=Standard,6:30 PM*,https://www.opentable.com/book/validate?rid=984637&d=2025-03-12T18%3A45%3A00&sd=2025-03-12T18%3A45%3A00&p=2&pt=100&pofids=&hash=3532511058&avt=eyJ2IjoyLCJtIjoxLCJwIjowLCJjIjo0LCJzIjowLCJuIjowfQ&corrid=00890699-fab7-4ff7-98b7-f082ee6d01ba&tc=default&experienceIds=&ra=&isMandatory=false&st=Standard,6:45 PM*,https://www.opentable.com/book/validate?rid=984637&d=2025-03-12T19%3A00%3A00&sd=2025-03-12T19%3A00%3A00&p=2&pt=100&pofids=&hash=2640911140&avt=eyJ2IjoyLCJtIjoxLCJwIjowLCJjIjo0LCJzIjowLCJuIjowfQ&corrid=00890699-fab7-4ff7-98b7-f082ee6d01ba&tc=default&experienceIds=&ra=&isMandatory=false&st=Standard,7:00 PM*,https://www.opentable.com/book/validate?rid=984637&d=2025-03-12T19%3A15%3A00&sd=2025-03-12T19%3A15%3A00&p=2&pt=100&pofids=&hash=3131201331&avt=eyJ2IjoyLCJtIjoxLCJwIjowLCJjIjo0LCJzIjowLCJuIjowfQ&corrid=00890699-fab7-4ff7-98b7-f082ee6d01ba&tc=default&experienceIds=&ra=&isMandatory=false&st=Standard,7:15 PM*,https://www.opentable.com/book/validate?rid=984637&d=2025-03-12T19%3A30%3A00&sd=2025-03-12T19%3A30%3A00&p=2&pt=100&pofids=&hash=2792076324&avt=eyJ2IjoyLCJtIjoxLCJwIjowLCJjIjo0LCJzIjowLCJuIjowfQ&corrid=00890699-fab7-4ff7-98b7-f082ee6d01ba&tc=default&experienceIds=&ra=&isMandatory=false&st=Standard,7:30 PM*,,,"Wonderful food, setting and service. Every course was excellent and the service was top notch. Would highly recommend.",,,
