BcjeJB9cJ4g- href,Y0i-tdDHWSI- src,FhfgYo4tTD0-,MLhGCA4nv6o-,XmafYPXEv24- href,XmafYPXEv24-,Vk-xtpOrXcE-,_4QF0cXfwR9Q-,gr6nnXdRSXE-,jP7I-nPDznk-,_6Po-6-slY2c-,l9bbXUdC9v0-,YFUbwTI869k-,_3JbEJDrCk58-,gr6nnXdRSXE- (2),ARuVZZIyuC4- href,ARuVZZIyuC4-,ARuVZZIyuC4- href (2),ARuVZZIyuC4- (2),ARuVZZIyuC4- href (3),ARuVZZIyuC4- (3),ARuVZZIyuC4- href (4),ARuVZZIyuC4- (4),AtRRdZc8GD4- src,ARuVZZIyuC4- href (5),ARuVZZIyuC4- (5)
https://www.opentable.com/r/bagetelle-los-cabos-cabo-san-lucas?corrid=00890699-fab7-4ff7-98b7-f082ee6d01ba&avt=eyJ2IjoyLCJtIjoxLCJwIjoxLCJzIjowLCJuIjowfQ&p=2&sd=2025-03-12T19%3A00%3A00,https://resizer.otstatic.com/v2/photos/legacy/2/47401755.jpg,1. Bagatelle Los Cabos,Awesome,https://www.opentable.com/r/bagetelle-los-cabos-cabo-san-lucas?corrid=00890699-fab7-4ff7-98b7-f082ee6d01ba&avt=eyJ2IjoyLCJtIjoxLCJwIjoxLCJzIjowLCJuIjowfQ&p=2&sd=2025-03-12T19%3A00%3A00#reviews,(99),Price: Very Expensive,‚Ä¢ International ‚Ä¢ Cabo San Lucas,Booked 16 times today,Find next available,"At the moment, there's no online availability within 2.5 hours of your request. Do you have another time in mind?","Its all about the atmoshphere and service. They provide it all. The food was delicious, and presented beautifully. We even enjoyed hooka for the table and dancing on the chairs. Its not just dining, its an event to experience.",Read more,,,,,,,,,,,,,
https://www.opentable.com/r/don-manuels-waldorf-astoria-los-cabos-pedregal-cabo-san-lucas?corrid=00890699-fab7-4ff7-98b7-f082ee6d01ba&avt=eyJ2IjoyLCJtIjoxLCJwIjowLCJzIjowLCJuIjowfQ&p=2&sd=2025-03-12T19%3A00%3A00,https://resizer.otstatic.com/v2/photos/legacy/3/67415914.jpg,2. Don Manuel's - Waldorf Astoria Los Cabos Pedregal,Exceptional,https://www.opentable.com/r/don-manuels-waldorf-astoria-los-cabos-pedregal-cabo-san-lucas?corrid=00890699-fab7-4ff7-98b7-f082ee6d01ba&avt=eyJ2IjoyLCJtIjoxLCJwIjowLCJzIjowLCJuIjowfQ&p=2&sd=2025-03-12T19%3A00%3A00#reviews,(773),Price: Moderate,‚Ä¢ Unspecified ‚Ä¢ Cabo San Lucas,Booked 13 times today,,,"It was amazing, very fine dinning and the most beautiful hotel with excellent service",,$$,You're in luck! We still have 4 timeslots left,https://www.opentable.com/book/validate?rid=32284&d=2025-03-12T18%3A30%3A00&sd=2025-03-12T18%3A30%3A00&p=2&pt=100&pofids=&hash=2436781061&avt=eyJ2IjoyLCJtIjoxLCJwIjowLCJjIjozMDAzNjEsInMiOjAsIm4iOjB9&corrid=00890699-fab7-4ff7-98b7-f082ee6d01ba&tc=default&experienceIds=&ra=&isMandatory=false&st=Standard,6:30 PM,https://www.opentable.com/book/validate?rid=32284&d=2025-03-12T18%3A45%3A00&sd=2025-03-12T18%3A45%3A00&p=2&pt=100&pofids=&hash=109896080&avt=eyJ2IjoyLCJtIjoxLCJwIjowLCJjIjozMDAzNjEsInMiOjAsIm4iOjB9&corrid=00890699-fab7-4ff7-98b7-f082ee6d01ba&tc=default&experienceIds=&ra=&isMandatory=false&st=Standard,6:45 PM,https://www.opentable.com/book/validate?rid=32284&d=2025-03-12T19%3A15%3A00&sd=2025-03-12T19%3A15%3A00&p=2&pt=100&pofids=&hash=2271601987&avt=eyJ2IjoyLCJtIjoxLCJwIjowLCJjIjozMDAzNjEsInMiOjAsIm4iOjB9&corrid=00890699-fab7-4ff7-98b7-f082ee6d01ba&tc=default&experienceIds=&ra=&isMandatory=false&st=Standard,7:15 PM,https://www.opentable.com/book/validate?rid=32284&d=2025-03-12T19%3A30%3A00&sd=2025-03-12T19%3A30%3A00&p=2&pt=100&pofids=&hash=3854259286&avt=eyJ2IjoyLCJtIjoxLCJwIjowLCJjIjozMDAzNjEsInMiOjAsIm4iOjB9&corrid=00890699-fab7-4ff7-98b7-f082ee6d01ba&tc=default&experienceIds=&ra=&isMandatory=false&st=Standard,7:30 PM,,,
https://www.opentable.com/r/hacienda-cocina-y-cantina-cabo-san-lucas?corrid=00890699-fab7-4ff7-98b7-f082ee6d01ba&avt=eyJ2IjoyLCJtIjoxLCJwIjowLCJzIjowLCJuIjowfQ&p=2&sd=2025-03-12T19%3A00%3A00,,3. Hacienda Cocina y Cantina,Exceptional,https://www.opentable.com/r/hacienda-cocina-y-cantina-cabo-san-lucas?corrid=00890699-fab7-4ff7-98b7-f082ee6d01ba&avt=eyJ2IjoyLCJtIjoxLCJwIjowLCJzIjowLCJuIjowfQ&p=2&sd=2025-03-12T19%3A00%3A00#reviews,(1981),Price: Very Expensive,‚Ä¢ Mexican ‚Ä¢ Cabo San Lucas,Booked 11 times today,,,"Our dinner at the Hacienda was awesome as we recalled from our last visit a few years ago. The service was wonderful and our dinners were prepared perfectly. The chicken mole and beef tenderloin were exceptional and the churros were amazing. They even offered complimentary salsas and chips It is a beautiful setting, definitely the perfect place to visit while in Cabo San Lucas.",Read more,,,https://www.opentable.com/book/validate?rid=1001782&d=2025-03-12T18%3A00%3A00&sd=2025-03-12T18%3A00%3A00&p=2&pt=100&pofids=&hash=3130896457&avt=eyJ2IjoyLCJtIjoxLCJwIjowLCJjIjo0LCJzIjowLCJuIjowfQ&corrid=00890699-fab7-4ff7-98b7-f082ee6d01ba&tc=default&experienceIds=&ra=&isMandatory=false&st=Standard,6:00 PM,https://www.opentable.com/book/validate?rid=1001782&d=2025-03-12T18%3A30%3A00&sd=2025-03-12T18%3A30%3A00&p=2&pt=100&pofids=&hash=3355566197&avt=eyJ2IjoyLCJtIjoxLCJwIjowLCJjIjo0LCJzIjowLCJuIjowfQ&corrid=00890699-fab7-4ff7-98b7-f082ee6d01ba&tc=default&experienceIds=&ra=&isMandatory=false&st=Standard,6:30 PM,https://www.opentable.com/book/validate?rid=1001782&d=2025-03-12T19%3A00%3A00&sd=2025-03-12T19%3A00%3A00&p=2&pt=100&pofids=&hash=837304587&avt=eyJ2IjoyLCJtIjoxLCJwIjowLCJjIjo0LCJzIjowLCJuIjowfQ&corrid=00890699-fab7-4ff7-98b7-f082ee6d01ba&tc=default&experienceIds=&ra=&isMandatory=false&st=Standard,7:00 PM,https://www.opentable.com/book/validate?rid=1001782&d=2025-03-12T19%3A30%3A00&sd=2025-03-12T19%3A30%3A00&p=2&pt=100&pofids=&hash=2503756369&avt=eyJ2IjoyLCJtIjoxLCJwIjowLCJjIjo0LCJzIjowLCJuIjowfQ&corrid=00890699-fab7-4ff7-98b7-f082ee6d01ba&tc=default&experienceIds=&ra=&isMandatory=false&st=Standard,7:30 PM,https://cdn.otstatic.com/cfe/14/images/ic_photos-DSAVRTDM.svg,https://www.opentable.com/book/validate?rid=1001782&d=2025-03-12T20%3A00%3A00&sd=2025-03-12T20%3A00%3A00&p=2&pt=100&pofids=&hash=2511687472&avt=eyJ2IjoyLCJtIjoxLCJwIjowLCJjIjo0LCJzIjowLCJuIjowfQ&corrid=00890699-fab7-4ff7-98b7-f082ee6d01ba&tc=default&experienceIds=&ra=&isMandatory=false&st=Standard,8:00 PM
https://www.opentable.com/r/los-tres-gallos-cabo-san-lucas?corrid=00890699-fab7-4ff7-98b7-f082ee6d01ba&avt=eyJ2IjoyLCJtIjoxLCJwIjowLCJzIjowLCJuIjowfQ&p=2&sd=2025-03-12T19%3A00%3A00,,4. Los Tres Gallos - Cabo San Lucas,Exceptional,https://www.opentable.com/r/los-tres-gallos-cabo-san-lucas?corrid=00890699-fab7-4ff7-98b7-f082ee6d01ba&avt=eyJ2IjoyLCJtIjoxLCJwIjowLCJzIjowLCJuIjowfQ&p=2&sd=2025-03-12T19%3A00%3A00#reviews,(998),Price: Very Expensive,‚Ä¢ Mexican ‚Ä¢ Cabo San Lucas,Booked 35 times today,,,"Wonderful setting, open air courtyard with Mexican theme. Food is authentic and delicious. The prices are appropriate for the great food served. Service was fantastic. Margaritas are also delicious and among the top in Cabo.",Read more,,You're in luck! We still have 4 timeslots left,https://www.opentable.com/book/validate?rid=1009363&d=2025-03-12T18%3A30%3A00&sd=2025-03-12T18%3A30%3A00&p=2&pt=100&pofids=&hash=2298688978&avt=eyJ2IjoyLCJtIjoxLCJwIjowLCJjIjo0LCJzIjowLCJuIjowfQ&corrid=00890699-fab7-4ff7-98b7-f082ee6d01ba&tc=default&experienceIds=&ra=&isMandatory=false&st=Standard,6:30 PM,https://www.opentable.com/book/validate?rid=1009363&d=2025-03-12T18%3A45%3A00&sd=2025-03-12T18%3A45%3A00&p=2&pt=100&pofids=&hash=2120118181&avt=eyJ2IjoyLCJtIjoxLCJwIjowLCJjIjo0LCJzIjowLCJuIjowfQ&corrid=00890699-fab7-4ff7-98b7-f082ee6d01ba&tc=default&experienceIds=&ra=&isMandatory=false&st=Standard,6:45 PM,https://www.opentable.com/book/validate?rid=1009363&d=2025-03-12T19%3A30%3A00&sd=2025-03-12T19%3A30%3A00&p=2&pt=100&pofids=&hash=2602665812&avt=eyJ2IjoyLCJtIjoxLCJwIjowLCJjIjo0LCJzIjowLCJuIjowfQ&corrid=00890699-fab7-4ff7-98b7-f082ee6d01ba&tc=default&experienceIds=&ra=&isMandatory=false&st=Standard,7:30 PM,https://www.opentable.com/book/validate?rid=1009363&d=2025-03-12T19%3A45%3A00&sd=2025-03-12T19%3A45%3A00&p=2&pt=100&pofids=&hash=2406048202&avt=eyJ2IjoyLCJtIjoxLCJwIjowLCJjIjo0LCJzIjowLCJuIjowfQ&corrid=00890699-fab7-4ff7-98b7-f082ee6d01ba&tc=default&experienceIds=&ra=&isMandatory=false&st=Standard,7:45 PM,https://cdn.otstatic.com/cfe/14/images/ic_photos-DSAVRTDM.svg,,
https://www.opentable.com/r/taboo-cabo-cabo-san-lucas?corrid=00890699-fab7-4ff7-98b7-f082ee6d01ba&avt=eyJ2IjoyLCJtIjoxLCJwIjoxLCJzIjowLCJuIjowfQ&p=2&sd=2025-03-12T19%3A00%3A00,,5. Taboo Cabo,Exceptional,https://www.opentable.com/r/taboo-cabo-cabo-san-lucas?corrid=00890699-fab7-4ff7-98b7-f082ee6d01ba&avt=eyJ2IjoyLCJtIjoxLCJwIjoxLCJzIjowLCJuIjowfQ&p=2&sd=2025-03-12T19%3A00%3A00#reviews,(772),Price: Very Expensive,‚Ä¢ Mediterranean ‚Ä¢ Cabo San Lucas,Booked 32 times today,,,"Service amazing, atmosphere really nice , Music nice sound levels , Staff top notch service !",,,,https://www.opentable.com/book/validate?rid=1208551&d=2025-03-12T18%3A30%3A00&sd=2025-03-12T18%3A30%3A00&p=2&pt=100&pofids=&hash=3186774465&avt=eyJ2IjoyLCJtIjoxLCJwIjoxLCJjIjoxODg0MDA2LCJzIjowLCJuIjowfQ&corrid=00890699-fab7-4ff7-98b7-f082ee6d01ba&tc=default&experienceIds=&ra=&isMandatory=false&st=Standard,6:30 PM,https://www.opentable.com/book/validate?rid=1208551&d=2025-03-12T18%3A45%3A00&sd=2025-03-12T18%3A45%3A00&p=2&pt=100&pofids=&hash=2611827555&avt=eyJ2IjoyLCJtIjoxLCJwIjoxLCJjIjoxODg0MDA2LCJzIjowLCJuIjowfQ&corrid=00890699-fab7-4ff7-98b7-f082ee6d01ba&tc=default&experienceIds=&ra=&isMandatory=false&st=Standard,6:45 PM,https://www.opentable.com/book/validate?rid=1208551&d=2025-03-12T19%3A00%3A00&sd=2025-03-12T19%3A00%3A00&p=2&pt=100&pofids=&hash=481469355&avt=eyJ2IjoyLCJtIjoxLCJwIjoxLCJjIjoxODg0MDA2LCJzIjowLCJuIjowfQ&corrid=00890699-fab7-4ff7-98b7-f082ee6d01ba&tc=default&experienceIds=&ra=&isMandatory=false&st=Standard,7:00 PM,https://www.opentable.com/book/validate?rid=1208551&d=2025-03-12T19%3A15%3A00&sd=2025-03-12T19%3A15%3A00&p=2&pt=100&pofids=&hash=3537628834&avt=eyJ2IjoyLCJtIjoxLCJwIjoxLCJjIjoxODg0MDA2LCJzIjowLCJuIjowfQ&corrid=00890699-fab7-4ff7-98b7-f082ee6d01ba&tc=default&experienceIds=&ra=&isMandatory=false&st=Standard,7:15 PM,https://cdn.otstatic.com/cfe/14/images/ic_photos-DSAVRTDM.svg,https://www.opentable.com/book/validate?rid=1208551&d=2025-03-12T19%3A30%3A00&sd=2025-03-12T19%3A30%3A00&p=2&pt=100&pofids=&hash=106415308&avt=eyJ2IjoyLCJtIjoxLCJwIjoxLCJjIjoxODg0MDA2LCJzIjowLCJuIjowfQ&corrid=00890699-fab7-4ff7-98b7-f082ee6d01ba&tc=default&experienceIds=&ra=&isMandatory=false&st=Standard,7:30 PM
https://www.opentable.com/r/torote-restaurant-cabo-san-lucas?corrid=00890699-fab7-4ff7-98b7-f082ee6d01ba&avt=eyJ2IjoyLCJtIjoxLCJwIjowLCJzIjowLCJuIjowfQ&p=2&sd=2025-03-12T19%3A00%3A00,,6. Torote Restaurant,Exceptional,https://www.opentable.com/r/torote-restaurant-cabo-san-lucas?corrid=00890699-fab7-4ff7-98b7-f082ee6d01ba&avt=eyJ2IjoyLCJtIjoxLCJwIjowLCJzIjowLCJuIjowfQ&p=2&sd=2025-03-12T19%3A00%3A00#reviews,(433),Price: Very Expensive,‚Ä¢ Mexican ‚Ä¢ Cabo San Lucas,Booked 7 times today,,,"Literally the best eating experience I‚Äôve ever had!!!!!!! Food was absolutely phenomenal and my waiter explained the dishes with such pride. You can really taste each ingredient! That‚Äôs how you know it‚Äôs fresh! So highly recommend the French toast!! Now let‚Äôs talk about the high standard of service and care!!!!! My waiter was absolutely amazing and we talked about our lives in the arts. They even called me a taxi to the marina!!! Walked around the beautiful property, fed some sweet animals, and explored the garden! Absolutely a 100/10 experience!! A must visit when you‚Äôre in Cabo San Lucas!!!",Read more,,,https://www.opentable.com/book/validate?rid=1243681&d=2025-03-12T18%3A30%3A00&sd=2025-03-12T18%3A30%3A00&p=2&pt=100&pofids=&hash=557785227&avt=eyJ2IjoyLCJtIjoxLCJwIjowLCJjIjo0LCJzIjowLCJuIjowfQ&corrid=00890699-fab7-4ff7-98b7-f082ee6d01ba&tc=default&experienceIds=166895&ra=&isMandatory=false&st=Experience,6:30 PM,https://www.opentable.com/book/validate?rid=1243681&d=2025-03-12T18%3A45%3A00&sd=2025-03-12T18%3A45%3A00&p=2&pt=100&pofids=&hash=2310595151&avt=eyJ2IjoyLCJtIjoxLCJwIjowLCJjIjo0LCJzIjowLCJuIjowfQ&corrid=00890699-fab7-4ff7-98b7-f082ee6d01ba&tc=default&experienceIds=166895&ra=&isMandatory=false&st=Experience,6:45 PM,https://www.opentable.com/book/validate?rid=1243681&d=2025-03-12T19%3A00%3A00&sd=2025-03-12T19%3A00%3A00&p=2&pt=100&pofids=&hash=1527559072&avt=eyJ2IjoyLCJtIjoxLCJwIjowLCJjIjo0LCJzIjowLCJuIjowfQ&corrid=00890699-fab7-4ff7-98b7-f082ee6d01ba&tc=default&experienceIds=166895&ra=&isMandatory=false&st=Experience,7:00 PM,https://www.opentable.com/book/validate?rid=1243681&d=2025-03-12T19%3A15%3A00&sd=2025-03-12T19%3A15%3A00&p=2&pt=100&pofids=&hash=3338635851&avt=eyJ2IjoyLCJtIjoxLCJwIjowLCJjIjo0LCJzIjowLCJuIjowfQ&corrid=00890699-fab7-4ff7-98b7-f082ee6d01ba&tc=default&experienceIds=166895&ra=&isMandatory=false&st=Experience,7:15 PM,https://cdn.otstatic.com/cfe/14/images/ic_photos-DSAVRTDM.svg,https://www.opentable.com/book/validate?rid=1243681&d=2025-03-12T19%3A30%3A00&sd=2025-03-12T19%3A30%3A00&p=2&pt=100&pofids=&hash=3384559901&avt=eyJ2IjoyLCJtIjoxLCJwIjowLCJjIjo0LCJzIjowLCJuIjowfQ&corrid=00890699-fab7-4ff7-98b7-f082ee6d01ba&tc=default&experienceIds=166895&ra=&isMandatory=false&st=Experience,7:30 PM
https://www.opentable.com/r/the-ledge-at-the-cape-a-thompson-hotel-cabo-san-lucas?corrid=00890699-fab7-4ff7-98b7-f082ee6d01ba&avt=eyJ2IjoyLCJtIjoxLCJwIjowLCJzIjowLCJuIjowfQ&p=2&sd=2025-03-12T19%3A00%3A00,,7. The Ledge at The Cape a Thompson Hotel,Exceptional,https://www.opentable.com/r/the-ledge-at-the-cape-a-thompson-hotel-cabo-san-lucas?corrid=00890699-fab7-4ff7-98b7-f082ee6d01ba&avt=eyJ2IjoyLCJtIjoxLCJwIjowLCJzIjowLCJuIjowfQ&p=2&sd=2025-03-12T19%3A00%3A00#reviews,(394),Price: Expensive,"‚Ä¢ Global, International ‚Ä¢ Cabo San Lucas",Booked 8 times today,,,Beautiful views and great service! Juan took care of all of our needs!,,$,,https://www.opentable.com/book/validate?rid=173536&d=2025-03-12T18%3A30%3A00&sd=2025-03-12T18%3A30%3A00&p=2&pt=100&pofids=&hash=4234790904&avt=eyJ2IjoyLCJtIjoxLCJwIjowLCJjIjo0LCJzIjowLCJuIjowfQ&corrid=00890699-fab7-4ff7-98b7-f082ee6d01ba&tc=default&experienceIds=&ra=&isMandatory=false&st=Standard,6:30 PM,https://www.opentable.com/book/validate?rid=173536&d=2025-03-12T18%3A45%3A00&sd=2025-03-12T18%3A45%3A00&p=2&pt=100&pofids=&hash=2552508754&avt=eyJ2IjoyLCJtIjoxLCJwIjowLCJjIjo0LCJzIjowLCJuIjowfQ&corrid=00890699-fab7-4ff7-98b7-f082ee6d01ba&tc=default&experienceIds=&ra=&isMandatory=false&st=Standard,6:45 PM,https://www.opentable.com/book/validate?rid=173536&d=2025-03-12T19%3A00%3A00&sd=2025-03-12T19%3A00%3A00&p=2&pt=100&pofids=&hash=2335289554&avt=eyJ2IjoyLCJtIjoxLCJwIjowLCJjIjo0LCJzIjowLCJuIjowfQ&corrid=00890699-fab7-4ff7-98b7-f082ee6d01ba&tc=default&experienceIds=&ra=&isMandatory=false&st=Standard,7:00 PM,https://www.opentable.com/book/validate?rid=173536&d=2025-03-12T19%3A15%3A00&sd=2025-03-12T19%3A15%3A00&p=2&pt=100&pofids=&hash=2993808873&avt=eyJ2IjoyLCJtIjoxLCJwIjowLCJjIjo0LCJzIjowLCJuIjowfQ&corrid=00890699-fab7-4ff7-98b7-f082ee6d01ba&tc=default&experienceIds=&ra=&isMandatory=false&st=Standard,7:15 PM,https://cdn.otstatic.com/cfe/14/images/ic_photos-DSAVRTDM.svg,https://www.opentable.com/book/validate?rid=173536&d=2025-03-12T19%3A30%3A00&sd=2025-03-12T19%3A30%3A00&p=2&pt=100&pofids=&hash=4031540829&avt=eyJ2IjoyLCJtIjoxLCJwIjowLCJjIjo0LCJzIjowLCJuIjowfQ&corrid=00890699-fab7-4ff7-98b7-f082ee6d01ba&tc=default&experienceIds=&ra=&isMandatory=false&st=Standard,7:30 PM
https://www.opentable.com/r/comal-restaurant-and-bar-chileno-bay-resort-and-residences-cabo-san-lucas?corrid=00890699-fab7-4ff7-98b7-f082ee6d01ba&avt=eyJ2IjoyLCJtIjoxLCJwIjowLCJzIjowLCJuIjowfQ&p=2&sd=2025-03-12T19%3A00%3A00,,8. Comal Restaurant & Bar - Chileno Bay Resort & Residences,Exceptional,https://www.opentable.com/r/comal-restaurant-and-bar-chileno-bay-resort-and-residences-cabo-san-lucas?corrid=00890699-fab7-4ff7-98b7-f082ee6d01ba&avt=eyJ2IjoyLCJtIjoxLCJwIjowLCJzIjowLCJuIjowfQ&p=2&sd=2025-03-12T19%3A00%3A00#reviews,(634),Price: Expensive,‚Ä¢ Latin American ‚Ä¢ Cabo San Lucas,Booked 14 times today,,,"From the moment we stepped out of our car we were awed by this beautiful place. The people were beyond friendly, the food was top notch and we will definitely be back again and again.",,$,You're in luck! We still have 2 timeslots left,https://www.opentable.com/book/validate?rid=342880&d=2025-03-12T19%3A30%3A00&sd=2025-03-12T19%3A30%3A00&p=2&pt=100&pofids=&hash=1116783152&avt=eyJ2IjoyLCJtIjoxLCJwIjowLCJjIjo0LCJzIjowLCJuIjowfQ&corrid=00890699-fab7-4ff7-98b7-f082ee6d01ba&tc=default&experienceIds=&ra=&isMandatory=false&st=Standard,7:30 PM,https://www.opentable.com/book/validate?rid=342880&d=2025-03-12T19%3A45%3A00&sd=2025-03-12T19%3A45%3A00&p=2&pt=100&pofids=&hash=2703672927&avt=eyJ2IjoyLCJtIjoxLCJwIjowLCJjIjo0LCJzIjowLCJuIjowfQ&corrid=00890699-fab7-4ff7-98b7-f082ee6d01ba&tc=default&experienceIds=&ra=&isMandatory=false&st=Standard,7:45 PM,,,,,https://cdn.otstatic.com/cfe/14/images/ic_photos-DSAVRTDM.svg,,
https://www.opentable.com/r/acre-restaurant-and-cocktail-bar-san-jose-del-cabo?corrid=00890699-fab7-4ff7-98b7-f082ee6d01ba&avt=eyJ2IjoyLCJtIjoxLCJwIjowLCJzIjowLCJuIjowfQ&p=2&sd=2025-03-12T19%3A00%3A00,,9. Acre Restaurant & Cocktail Bar,Exceptional,https://www.opentable.com/r/acre-restaurant-and-cocktail-bar-san-jose-del-cabo?corrid=00890699-fab7-4ff7-98b7-f082ee6d01ba&avt=eyJ2IjoyLCJtIjoxLCJwIjowLCJzIjowLCJuIjowfQ&p=2&sd=2025-03-12T19%3A00%3A00#reviews,(3243),Price: Very Expensive,"‚Ä¢ Global, International ‚Ä¢ San Jos√© del Cabo",Booked 103 times today,,,Amazing you need to try it cocktails food etc all outstanding,,,You're in luck! We still have 2 timeslots left,https://www.opentable.com/book/validate?rid=334867&d=2025-03-12T20%3A30%3A00&sd=2025-03-12T20%3A30%3A00&p=2&pt=100&pofids=&hash=3568231890&avt=eyJ2IjoyLCJtIjoxLCJwIjowLCJjIjo0LCJzIjowLCJuIjowfQ&corrid=00890699-fab7-4ff7-98b7-f082ee6d01ba&tc=default&experienceIds=&ra=&isMandatory=false&st=Standard,8:30 PM,https://www.opentable.com/book/validate?rid=334867&d=2025-03-12T21%3A00%3A00&sd=2025-03-12T21%3A00%3A00&p=2&pt=100&pofids=&hash=258908239&avt=eyJ2IjoyLCJtIjoxLCJwIjowLCJjIjo0LCJzIjowLCJuIjowfQ&corrid=00890699-fab7-4ff7-98b7-f082ee6d01ba&tc=default&experienceIds=&ra=&isMandatory=false&st=Standard,9:00 PM,,,,,https://cdn.otstatic.com/cfe/14/images/ic_photos-DSAVRTDM.svg,,
https://www.opentable.com/r/outpost-cabo-san-lucas?corrid=00890699-fab7-4ff7-98b7-f082ee6d01ba&avt=eyJ2IjoyLCJtIjoxLCJwIjoxLCJzIjowLCJuIjowfQ&p=2&sd=2025-03-12T19%3A00%3A00,,10. Outpost,Awesome,https://www.opentable.com/r/outpost-cabo-san-lucas?corrid=00890699-fab7-4ff7-98b7-f082ee6d01ba&avt=eyJ2IjoyLCJtIjoxLCJwIjoxLCJzIjowLCJuIjowfQ&p=2&sd=2025-03-12T19%3A00%3A00#reviews,(380),Price: Expensive,‚Ä¢ Contemporary Mexican ‚Ä¢ Cabo San Lucas,Booked 16 times today,,,"Great food and atmosphere. Service was attentive and fun, highly recommend The Outpost!",,$,,https://www.opentable.com/book/validate?rid=733078&d=2025-03-12T18%3A30%3A00&sd=2025-03-12T18%3A30%3A00&p=2&pt=100&pofids=&hash=3218319686&avt=eyJ2IjoyLCJtIjoxLCJwIjoxLCJjIjozNDE2ODg2LCJzIjowLCJuIjowfQ&corrid=00890699-fab7-4ff7-98b7-f082ee6d01ba&tc=default&experienceIds=&ra=&isMandatory=false&st=Standard,6:30 PM*,https://www.opentable.com/book/validate?rid=733078&d=2025-03-12T18%3A45%3A00&sd=2025-03-12T18%3A45%3A00&p=2&pt=100&pofids=&hash=1314527&avt=eyJ2IjoyLCJtIjoxLCJwIjoxLCJjIjozNDE2ODg2LCJzIjowLCJuIjowfQ&corrid=00890699-fab7-4ff7-98b7-f082ee6d01ba&tc=default&experienceIds=&ra=&isMandatory=false&st=Standard,6:45 PM*,https://www.opentable.com/book/validate?rid=733078&d=2025-03-12T19%3A00%3A00&sd=2025-03-12T19%3A00%3A00&p=2&pt=100&pofids=&hash=3967738438&avt=eyJ2IjoyLCJtIjoxLCJwIjoxLCJjIjozNDE2ODg2LCJzIjowLCJuIjowfQ&corrid=00890699-fab7-4ff7-98b7-f082ee6d01ba&tc=default&experienceIds=&ra=&isMandatory=false&st=Standard,7:00 PM*,https://www.opentable.com/book/validate?rid=733078&d=2025-03-12T19%3A15%3A00&sd=2025-03-12T19%3A15%3A00&p=2&pt=100&pofids=&hash=1366116330&avt=eyJ2IjoyLCJtIjoxLCJwIjoxLCJjIjozNDE2ODg2LCJzIjowLCJuIjowfQ&corrid=00890699-fab7-4ff7-98b7-f082ee6d01ba&tc=default&experienceIds=&ra=&isMandatory=false&st=Standard,7:15 PM*,https://cdn.otstatic.com/cfe/14/images/ic_photos-DSAVRTDM.svg,https://www.opentable.com/book/validate?rid=733078&d=2025-03-12T19%3A30%3A00&sd=2025-03-12T19%3A30%3A00&p=2&pt=100&pofids=&hash=3076716992&avt=eyJ2IjoyLCJtIjoxLCJwIjoxLCJjIjozNDE2ODg2LCJzIjowLCJuIjowfQ&corrid=00890699-fab7-4ff7-98b7-f082ee6d01ba&tc=default&experienceIds=&ra=&isMandatory=false&st=Standard,7:30 PM*
https://www.opentable.com/r/palmerio-at-four-seasons-cabo-san-lucas-at-cabo-del-sol-cabo-san-lucas?corrid=00890699-fab7-4ff7-98b7-f082ee6d01ba&avt=eyJ2IjoyLCJtIjoxLCJwIjowLCJzIjowLCJuIjowfQ&p=2&sd=2025-03-12T19%3A00%3A00,,11. Palmerio at Four Seasons Cabo San Lucas at Cabo Del Sol,Exceptional,https://www.opentable.com/r/palmerio-at-four-seasons-cabo-san-lucas-at-cabo-del-sol-cabo-san-lucas?corrid=00890699-fab7-4ff7-98b7-f082ee6d01ba&avt=eyJ2IjoyLCJtIjoxLCJwIjowLCJzIjowLCJuIjowfQ&p=2&sd=2025-03-12T19%3A00%3A00#reviews,(21),Price: Very Expensive,‚Ä¢ Mediterranean ‚Ä¢ Cabo San Lucas,Booked 17 times today,,,"Gorgeous hotel,restaurant, incredible service, warm, kind, fast, food not great yet, cost is vey high for just the food, the ambience is wonderful, there was a large table and they were extremely loud, no consideration for anybody else.",Read more,,,https://www.opentable.com/book/validate?rid=1318477&d=2025-03-12T18%3A00%3A00&sd=2025-03-12T18%3A00%3A00&p=2&pt=100&pofids=&hash=4172984007&avt=eyJ2IjoyLCJtIjoxLCJwIjowLCJjIjo0LCJzIjowLCJuIjowfQ&corrid=00890699-fab7-4ff7-98b7-f082ee6d01ba&tc=default&experienceIds=&ra=&isMandatory=false&st=Standard,6:00 PM*,https://www.opentable.com/book/validate?rid=1318477&d=2025-03-12T18%3A30%3A00&sd=2025-03-12T18%3A30%3A00&p=2&pt=100&pofids=&hash=311096404&avt=eyJ2IjoyLCJtIjoxLCJwIjowLCJjIjo0LCJzIjowLCJuIjowfQ&corrid=00890699-fab7-4ff7-98b7-f082ee6d01ba&tc=default&experienceIds=&ra=&isMandatory=false&st=Standard,6:30 PM*,https://www.opentable.com/book/validate?rid=1318477&d=2025-03-12T19%3A00%3A00&sd=2025-03-12T19%3A00%3A00&p=2&pt=100&pofids=&hash=3749292655&avt=eyJ2IjoyLCJtIjoxLCJwIjowLCJjIjo0LCJzIjowLCJuIjowfQ&corrid=00890699-fab7-4ff7-98b7-f082ee6d01ba&tc=default&experienceIds=&ra=&isMandatory=false&st=Standard,7:00 PM*,https://www.opentable.com/book/validate?rid=1318477&d=2025-03-12T19%3A30%3A00&sd=2025-03-12T19%3A30%3A00&p=2&pt=100&pofids=&hash=2294787674&avt=eyJ2IjoyLCJtIjoxLCJwIjowLCJjIjo0LCJzIjowLCJuIjowfQ&corrid=00890699-fab7-4ff7-98b7-f082ee6d01ba&tc=default&experienceIds=&ra=&isMandatory=false&st=Standard,7:30 PM*,https://cdn.otstatic.com/cfe/14/images/ic_photos-DSAVRTDM.svg,https://www.opentable.com/book/validate?rid=1318477&d=2025-03-12T20%3A00%3A00&sd=2025-03-12T20%3A00%3A00&p=2&pt=100&pofids=&hash=945587943&avt=eyJ2IjoyLCJtIjoxLCJwIjowLCJjIjo0LCJzIjowLCJuIjowfQ&corrid=00890699-fab7-4ff7-98b7-f082ee6d01ba&tc=default&experienceIds=&ra=&isMandatory=false&st=Standard,8:00 PM*
https://www.opentable.com/r/casa-martin-cabo-san-lucas?corrid=00890699-fab7-4ff7-98b7-f082ee6d01ba&avt=eyJ2IjoyLCJtIjoxLCJwIjowLCJzIjowLCJuIjowfQ&p=2&sd=2025-03-12T19%3A00%3A00,,12. Casa Mart√≠n,Exceptional,https://www.opentable.com/r/casa-martin-cabo-san-lucas?corrid=00890699-fab7-4ff7-98b7-f082ee6d01ba&avt=eyJ2IjoyLCJtIjoxLCJwIjowLCJzIjowLCJuIjowfQ&p=2&sd=2025-03-12T19%3A00%3A00#reviews,(1342),Price: Very Expensive,‚Ä¢ Mexican ‚Ä¢ Cabo San Lucas,Booked 14 times today,,,Great food with exceptional service for the price.,,,You're in luck! We still have 4 timeslots left,https://www.opentable.com/book/validate?rid=1066117&d=2025-03-12T17%3A15%3A00&sd=2025-03-12T17%3A15%3A00&p=2&pt=100&pofids=&hash=791593931&avt=eyJ2IjoyLCJtIjoxLCJwIjowLCJjIjo0LCJzIjowLCJuIjowfQ&corrid=00890699-fab7-4ff7-98b7-f082ee6d01ba&tc=default&experienceIds=&ra=&isMandatory=false&st=Standard,5:15 PM,https://www.opentable.com/book/validate?rid=1066117&d=2025-03-12T17%3A30%3A00&sd=2025-03-12T17%3A30%3A00&p=2&pt=100&pofids=&hash=3991763708&avt=eyJ2IjoyLCJtIjoxLCJwIjowLCJjIjo0LCJzIjowLCJuIjowfQ&corrid=00890699-fab7-4ff7-98b7-f082ee6d01ba&tc=default&experienceIds=&ra=&isMandatory=false&st=Standard,5:30 PM,https://www.opentable.com/book/validate?rid=1066117&d=2025-03-12T19%3A15%3A00&sd=2025-03-12T19%3A15%3A00&p=2&pt=100&pofids=&hash=329030319&avt=eyJ2IjoyLCJtIjoxLCJwIjowLCJjIjo0LCJzIjowLCJuIjowfQ&corrid=00890699-fab7-4ff7-98b7-f082ee6d01ba&tc=default&experienceIds=&ra=&isMandatory=false&st=Standard,7:15 PM,https://www.opentable.com/book/validate?rid=1066117&d=2025-03-12T19%3A30%3A00&sd=2025-03-12T19%3A30%3A00&p=2&pt=100&pofids=&hash=1058618138&avt=eyJ2IjoyLCJtIjoxLCJwIjowLCJjIjo0LCJzIjowLCJuIjowfQ&corrid=00890699-fab7-4ff7-98b7-f082ee6d01ba&tc=default&experienceIds=&ra=&isMandatory=false&st=Standard,7:30 PM,https://cdn.otstatic.com/cfe/14/images/ic_photos-DSAVRTDM.svg,,
https://www.opentable.com/r/luna-italiana-cabo-san-lucas?corrid=00890699-fab7-4ff7-98b7-f082ee6d01ba&avt=eyJ2IjoyLCJtIjoxLCJwIjowLCJzIjowLCJuIjowfQ&p=2&sd=2025-03-12T19%3A00%3A00,,13. Luna Italiana,Exceptional,https://www.opentable.com/r/luna-italiana-cabo-san-lucas?corrid=00890699-fab7-4ff7-98b7-f082ee6d01ba&avt=eyJ2IjoyLCJtIjoxLCJwIjowLCJzIjowLCJuIjowfQ&p=2&sd=2025-03-12T19%3A00%3A00#reviews,(133),Price: Very Expensive,‚Ä¢ Italian ‚Ä¢ Cabo San Lucas,Booked 1 time today,,,"Wonderful everything. Great food, Service and the view is spectacular. Recommend a must while in Cabo. As a bonus Luis was there singing his wonderful variety of songs to enjoy dinner with.",,,,https://www.opentable.com/book/validate?rid=1240912&d=2025-03-12T18%3A30%3A00&sd=2025-03-12T18%3A30%3A00&p=2&pt=100&pofids=&hash=2012589599&avt=eyJ2IjoyLCJtIjoxLCJwIjowLCJjIjo0LCJzIjowLCJuIjowfQ&corrid=00890699-fab7-4ff7-98b7-f082ee6d01ba&tc=default&experienceIds=&ra=&isMandatory=false&st=Standard,6:30 PM,https://www.opentable.com/book/validate?rid=1240912&d=2025-03-12T18%3A45%3A00&sd=2025-03-12T18%3A45%3A00&p=2&pt=100&pofids=&hash=2053762658&avt=eyJ2IjoyLCJtIjoxLCJwIjowLCJjIjo0LCJzIjowLCJuIjowfQ&corrid=00890699-fab7-4ff7-98b7-f082ee6d01ba&tc=default&experienceIds=&ra=&isMandatory=false&st=Standard,6:45 PM,https://www.opentable.com/book/validate?rid=1240912&d=2025-03-12T19%3A00%3A00&sd=2025-03-12T19%3A00%3A00&p=2&pt=100&pofids=&hash=2687402297&avt=eyJ2IjoyLCJtIjoxLCJwIjowLCJjIjo0LCJzIjowLCJuIjowfQ&corrid=00890699-fab7-4ff7-98b7-f082ee6d01ba&tc=default&experienceIds=&ra=&isMandatory=false&st=Standard,7:00 PM,https://www.opentable.com/book/validate?rid=1240912&d=2025-03-12T19%3A15%3A00&sd=2025-03-12T19%3A15%3A00&p=2&pt=100&pofids=&hash=2474483971&avt=eyJ2IjoyLCJtIjoxLCJwIjowLCJjIjo0LCJzIjowLCJuIjowfQ&corrid=00890699-fab7-4ff7-98b7-f082ee6d01ba&tc=default&experienceIds=&ra=&isMandatory=false&st=Standard,7:15 PM,https://cdn.otstatic.com/cfe/14/images/ic_photos-DSAVRTDM.svg,https://www.opentable.com/book/validate?rid=1240912&d=2025-03-12T19%3A30%3A00&sd=2025-03-12T19%3A30%3A00&p=2&pt=100&pofids=&hash=1330482892&avt=eyJ2IjoyLCJtIjoxLCJwIjowLCJjIjo0LCJzIjowLCJuIjowfQ&corrid=00890699-fab7-4ff7-98b7-f082ee6d01ba&tc=default&experienceIds=&ra=&isMandatory=false&st=Standard,7:30 PM
https://www.opentable.com/r/sur-beach-house-los-cabos-cabo-san-lucas?corrid=00890699-fab7-4ff7-98b7-f082ee6d01ba&avt=eyJ2IjoyLCJtIjoxLCJwIjowLCJzIjowLCJuIjowfQ&p=2&sd=2025-03-12T19%3A00%3A00,,14. SUR Beach Club Los Cabos,Exceptional,https://www.opentable.com/r/sur-beach-house-los-cabos-cabo-san-lucas?corrid=00890699-fab7-4ff7-98b7-f082ee6d01ba&avt=eyJ2IjoyLCJtIjoxLCJwIjowLCJzIjowLCJuIjowfQ&p=2&sd=2025-03-12T19%3A00%3A00#reviews,(1026),Price: Very Expensive,‚Ä¢ Mediterranean ‚Ä¢ Cabo San Lucas,Booked 32 times today,,,The food presentation and flavors were amazing! Highly recommend!,,,,https://www.opentable.com/book/validate?rid=264715&d=2025-03-12T18%3A30%3A00&sd=2025-03-12T18%3A30%3A00&p=2&pt=100&pofids=&hash=2601116899&avt=eyJ2IjoyLCJtIjoxLCJwIjowLCJjIjo0LCJzIjowLCJuIjowfQ&corrid=00890699-fab7-4ff7-98b7-f082ee6d01ba&tc=default&experienceIds=&ra=&isMandatory=false&st=Standard,6:30 PM*,https://www.opentable.com/book/validate?rid=264715&d=2025-03-12T18%3A45%3A00&sd=2025-03-12T18%3A45%3A00&p=2&pt=100&pofids=&hash=3494329102&avt=eyJ2IjoyLCJtIjoxLCJwIjowLCJjIjo0LCJzIjowLCJuIjowfQ&corrid=00890699-fab7-4ff7-98b7-f082ee6d01ba&tc=default&experienceIds=&ra=&isMandatory=false&st=Standard,6:45 PM*,https://www.opentable.com/book/validate?rid=264715&d=2025-03-12T19%3A00%3A00&sd=2025-03-12T19%3A00%3A00&p=2&pt=100&pofids=&hash=1253458457&avt=eyJ2IjoyLCJtIjoxLCJwIjowLCJjIjo0LCJzIjowLCJuIjowfQ&corrid=00890699-fab7-4ff7-98b7-f082ee6d01ba&tc=default&experienceIds=&ra=&isMandatory=false&st=Standard,7:00 PM*,https://www.opentable.com/book/validate?rid=264715&d=2025-03-12T19%3A15%3A00&sd=2025-03-12T19%3A15%3A00&p=2&pt=100&pofids=&hash=3123621208&avt=eyJ2IjoyLCJtIjoxLCJwIjowLCJjIjo0LCJzIjowLCJuIjowfQ&corrid=00890699-fab7-4ff7-98b7-f082ee6d01ba&tc=default&experienceIds=&ra=&isMandatory=false&st=Standard,7:15 PM*,https://cdn.otstatic.com/cfe/14/images/ic_photos-DSAVRTDM.svg,https://www.opentable.com/book/validate?rid=264715&d=2025-03-12T19%3A30%3A00&sd=2025-03-12T19%3A30%3A00&p=2&pt=100&pofids=&hash=2799412166&avt=eyJ2IjoyLCJtIjoxLCJwIjowLCJjIjo0LCJzIjowLCJuIjowfQ&corrid=00890699-fab7-4ff7-98b7-f082ee6d01ba&tc=default&experienceIds=&ra=&isMandatory=false&st=Standard,7:30 PM*
https://www.opentable.com/r/7-seas-seafood-grille-san-jose-del-cabo?corrid=00890699-fab7-4ff7-98b7-f082ee6d01ba&avt=eyJ2IjoyLCJtIjoxLCJwIjowLCJzIjowLCJuIjowfQ&p=2&sd=2025-03-12T19%3A00%3A00,,15. 7 Seas Seafood Grille,Exceptional,https://www.opentable.com/r/7-seas-seafood-grille-san-jose-del-cabo?corrid=00890699-fab7-4ff7-98b7-f082ee6d01ba&avt=eyJ2IjoyLCJtIjoxLCJwIjowLCJzIjowLCJuIjowfQ&p=2&sd=2025-03-12T19%3A00%3A00#reviews,(1515),Price: Expensive,‚Ä¢ Mexican ‚Ä¢ San Jos√© del Cabo,Booked 34 times today,,,"One of the best restaurants in Cabo. The vie is spectacular. Service attentive. Prices are on the higher end, but the food is spectacular and well worth it. I look forward to dining there every year.",,$,You're in luck! We still have 4 timeslots left,https://www.opentable.com/book/validate?rid=89971&d=2025-03-12T18%3A00%3A00&sd=2025-03-12T18%3A00%3A00&p=2&pt=100&pofids=&hash=496493880&avt=eyJ2IjoyLCJtIjoxLCJwIjowLCJjIjo0LCJzIjowLCJuIjowfQ&corrid=00890699-fab7-4ff7-98b7-f082ee6d01ba&tc=default&experienceIds=&ra=&isMandatory=false&st=Standard,6:00 PM,https://www.opentable.com/book/validate?rid=89971&d=2025-03-12T18%3A45%3A00&sd=2025-03-12T18%3A45%3A00&p=2&pt=100&pofids=&hash=2758237801&avt=eyJ2IjoyLCJtIjoxLCJwIjowLCJjIjo0LCJzIjowLCJuIjowfQ&corrid=00890699-fab7-4ff7-98b7-f082ee6d01ba&tc=default&experienceIds=&ra=&isMandatory=false&st=Standard,6:45 PM,https://www.opentable.com/book/validate?rid=89971&d=2025-03-12T19%3A30%3A00&sd=2025-03-12T19%3A30%3A00&p=2&pt=100&pofids=&hash=2494747867&avt=eyJ2IjoyLCJtIjoxLCJwIjowLCJjIjo0LCJzIjowLCJuIjowfQ&corrid=00890699-fab7-4ff7-98b7-f082ee6d01ba&tc=default&experienceIds=&ra=&isMandatory=false&st=Standard,7:30 PM*,https://www.opentable.com/book/validate?rid=89971&d=2025-03-12T19%3A45%3A00&sd=2025-03-12T19%3A45%3A00&p=2&pt=100&pofids=&hash=3512459102&avt=eyJ2IjoyLCJtIjoxLCJwIjowLCJjIjo0LCJzIjowLCJuIjowfQ&corrid=00890699-fab7-4ff7-98b7-f082ee6d01ba&tc=default&experienceIds=&ra=&isMandatory=false&st=Standard,7:45 PM*,https://cdn.otstatic.com/cfe/14/images/ic_photos-DSAVRTDM.svg,,
https://www.opentable.com/r/de-cortez-cabo-san-lucas?corrid=00890699-fab7-4ff7-98b7-f082ee6d01ba&avt=eyJ2IjoyLCJtIjoxLCJwIjowLCJzIjowLCJuIjowfQ&p=2&sd=2025-03-12T19%3A00%3A00,,16. De Cortez,Exceptional,https://www.opentable.com/r/de-cortez-cabo-san-lucas?corrid=00890699-fab7-4ff7-98b7-f082ee6d01ba&avt=eyJ2IjoyLCJtIjoxLCJwIjowLCJzIjowLCJuIjowfQ&p=2&sd=2025-03-12T19%3A00%3A00#reviews,(82),Price: Very Expensive,‚Ä¢ Grill ‚Ä¢ Cabo San Lucas,Booked 5 times today,,,Our food was delicious & our server Miguel was awesome.,,,,https://www.opentable.com/book/validate?rid=1190137&d=2025-03-12T18%3A30%3A00&sd=2025-03-12T18%3A30%3A00&p=2&pt=100&pofids=&hash=2400440730&avt=eyJ2IjoyLCJtIjoxLCJwIjowLCJjIjo0LCJzIjowLCJuIjowfQ&corrid=00890699-fab7-4ff7-98b7-f082ee6d01ba&tc=default&experienceIds=&ra=&isMandatory=false&st=Standard,6:30 PM,https://www.opentable.com/book/validate?rid=1190137&d=2025-03-12T18%3A45%3A00&sd=2025-03-12T18%3A45%3A00&p=2&pt=100&pofids=&hash=2654142108&avt=eyJ2IjoyLCJtIjoxLCJwIjowLCJjIjo0LCJzIjowLCJuIjowfQ&corrid=00890699-fab7-4ff7-98b7-f082ee6d01ba&tc=default&experienceIds=&ra=&isMandatory=false&st=Standard,6:45 PM,https://www.opentable.com/book/validate?rid=1190137&d=2025-03-12T19%3A00%3A00&sd=2025-03-12T19%3A00%3A00&p=2&pt=100&pofids=&hash=951355416&avt=eyJ2IjoyLCJtIjoxLCJwIjowLCJjIjo0LCJzIjowLCJuIjowfQ&corrid=00890699-fab7-4ff7-98b7-f082ee6d01ba&tc=default&experienceIds=&ra=&isMandatory=false&st=Standard,7:00 PM,https://www.opentable.com/book/validate?rid=1190137&d=2025-03-12T19%3A15%3A00&sd=2025-03-12T19%3A15%3A00&p=2&pt=100&pofids=&hash=1424838704&avt=eyJ2IjoyLCJtIjoxLCJwIjowLCJjIjo0LCJzIjowLCJuIjowfQ&corrid=00890699-fab7-4ff7-98b7-f082ee6d01ba&tc=default&experienceIds=&ra=&isMandatory=false&st=Standard,7:15 PM,https://cdn.otstatic.com/cfe/14/images/ic_photos-DSAVRTDM.svg,https://www.opentable.com/book/validate?rid=1190137&d=2025-03-12T19%3A30%3A00&sd=2025-03-12T19%3A30%3A00&p=2&pt=100&pofids=&hash=993687433&avt=eyJ2IjoyLCJtIjoxLCJwIjowLCJjIjo0LCJzIjowLCJuIjowfQ&corrid=00890699-fab7-4ff7-98b7-f082ee6d01ba&tc=default&experienceIds=&ra=&isMandatory=false&st=Standard,7:30 PM
https://www.opentable.com/r/cascabel-at-solaz-solaz-a-luxury-collection-resort-san-jose-del-cabo?corrid=00890699-fab7-4ff7-98b7-f082ee6d01ba&avt=eyJ2IjoyLCJtIjoxLCJwIjowLCJzIjowLCJuIjowfQ&p=2&sd=2025-03-12T19%3A00%3A00,,"17. Cascabel at Solaz, a Luxury Collection Resort",Exceptional,https://www.opentable.com/r/cascabel-at-solaz-solaz-a-luxury-collection-resort-san-jose-del-cabo?corrid=00890699-fab7-4ff7-98b7-f082ee6d01ba&avt=eyJ2IjoyLCJtIjoxLCJwIjowLCJzIjowLCJuIjowfQ&p=2&sd=2025-03-12T19%3A00%3A00#reviews,(8),Price: Very Expensive,‚Ä¢ Mexican ‚Ä¢ San Jos√© del Cabo,,Find next available,"At the moment, there's no online availability within 2.5 hours of your request. Do you have another time in mind?",Good brunch - the service was great and authentic Mexican food was best part,,,,,,,,,,,,https://cdn.otstatic.com/cfe/14/images/ic_photos-DSAVRTDM.svg,,
https://www.opentable.com/r/sports-bar-diamante-cabo-san-lucas?corrid=00890699-fab7-4ff7-98b7-f082ee6d01ba&avt=eyJ2IjoyLCJtIjoxLCJwIjowLCJzIjowLCJuIjowfQ&p=2&sd=2025-03-12T19%3A00%3A00,,18. Sports Bar - Diamante Cabo San Lucas,Exceptional,https://www.opentable.com/r/sports-bar-diamante-cabo-san-lucas?corrid=00890699-fab7-4ff7-98b7-f082ee6d01ba&avt=eyJ2IjoyLCJtIjoxLCJwIjowLCJzIjowLCJuIjowfQ&p=2&sd=2025-03-12T19%3A00%3A00#reviews,(10),Price: Expensive,‚Ä¢ International ‚Ä¢ Cabo San Lucas,Booked 1 time today,Find next available,"At the moment, there's no online availability within 2.5 hours of your request. Do you have another time in mind?",Great BBQ! Corn! Ribs! Grilled salad! And apple tart! Great service! A must!,,$,,,,,,,,,,https://cdn.otstatic.com/cfe/14/images/ic_photos-DSAVRTDM.svg,,
https://www.opentable.com/r/cascadas-beach-grill-cabo-san-lucas?corrid=00890699-fab7-4ff7-98b7-f082ee6d01ba&avt=eyJ2IjoyLCJtIjoxLCJwIjowLCJzIjowLCJuIjowfQ&p=2&sd=2025-03-12T19%3A00%3A00,,19. Cascadas Beach Grill,Exceptional,https://www.opentable.com/r/cascadas-beach-grill-cabo-san-lucas?corrid=00890699-fab7-4ff7-98b7-f082ee6d01ba&avt=eyJ2IjoyLCJtIjoxLCJwIjowLCJzIjowLCJuIjowfQ&p=2&sd=2025-03-12T19%3A00%3A00#reviews,(206),Price: Expensive,‚Ä¢ Mexican ‚Ä¢ Cabo San Lucas,Booked 2 times today,,,"The Mexican Fiesta and Cascadas Beach Grill never disappoint!! Excellent üëå service from the staff! Attentive and caring. They always take care of my Mom and I when we visit and gave me the exact beach front table I wanted. They truly listen to your needs and give you top notch service! Food is abundant and delicious! The entertainment excellent, I don't know what else to say, they deserve 10 stars! ‚ò∫Ô∏èüéâüá≤üáΩ Every one of my visits to Cabo has a reservation booked here! And I will keep coming back! See you on my next trip! ü§©",Read more,$,,https://www.opentable.com/book/validate?rid=1071265&d=2025-03-12T18%3A00%3A00&sd=2025-03-12T18%3A00%3A00&p=2&pt=100&pofids=&hash=2453203130&avt=eyJ2IjoyLCJtIjoxLCJwIjowLCJjIjo0LCJzIjowLCJuIjowfQ&corrid=00890699-fab7-4ff7-98b7-f082ee6d01ba&tc=default&experienceIds=&ra=&isMandatory=false&st=Standard,6:00 PM,https://www.opentable.com/book/validate?rid=1071265&d=2025-03-12T18%3A30%3A00&sd=2025-03-12T18%3A30%3A00&p=2&pt=100&pofids=&hash=2222252173&avt=eyJ2IjoyLCJtIjoxLCJwIjowLCJjIjo0LCJzIjowLCJuIjowfQ&corrid=00890699-fab7-4ff7-98b7-f082ee6d01ba&tc=default&experienceIds=&ra=&isMandatory=false&st=Standard,6:30 PM,https://www.opentable.com/book/validate?rid=1071265&d=2025-03-12T19%3A00%3A00&sd=2025-03-12T19%3A00%3A00&p=2&pt=100&pofids=&hash=4009816512&avt=eyJ2IjoyLCJtIjoxLCJwIjowLCJjIjo0LCJzIjowLCJuIjowfQ&corrid=00890699-fab7-4ff7-98b7-f082ee6d01ba&tc=default&experienceIds=&ra=&isMandatory=false&st=Standard,7:00 PM,https://www.opentable.com/book/validate?rid=1071265&d=2025-03-12T19%3A30%3A00&sd=2025-03-12T19%3A30%3A00&p=2&pt=100&pofids=&hash=2303908534&avt=eyJ2IjoyLCJtIjoxLCJwIjowLCJjIjo0LCJzIjowLCJuIjowfQ&corrid=00890699-fab7-4ff7-98b7-f082ee6d01ba&tc=default&experienceIds=&ra=&isMandatory=false&st=Standard,7:30 PM,https://cdn.otstatic.com/cfe/14/images/ic_photos-DSAVRTDM.svg,https://www.opentable.com/book/validate?rid=1071265&d=2025-03-12T20%3A00%3A00&sd=2025-03-12T20%3A00%3A00&p=2&pt=100&pofids=&hash=148923854&avt=eyJ2IjoyLCJtIjoxLCJwIjowLCJjIjo0LCJzIjowLCJuIjowfQ&corrid=00890699-fab7-4ff7-98b7-f082ee6d01ba&tc=default&experienceIds=&ra=&isMandatory=false&st=Standard,8:00 PM
https://www.opentable.com/r/nicksan-cabo-san-lucas?corrid=00890699-fab7-4ff7-98b7-f082ee6d01ba&avt=eyJ2IjoyLCJtIjoxLCJwIjowLCJzIjowLCJuIjowfQ&p=2&sd=2025-03-12T19%3A00%3A00,,20. Nick-San Cabo San Lucas,Exceptional,https://www.opentable.com/r/nicksan-cabo-san-lucas?corrid=00890699-fab7-4ff7-98b7-f082ee6d01ba&avt=eyJ2IjoyLCJtIjoxLCJwIjowLCJzIjowLCJuIjowfQ&p=2&sd=2025-03-12T19%3A00%3A00#reviews,(395),Price: Very Expensive,‚Ä¢ Japanese ‚Ä¢ Cabo San Lucas,Booked 10 times today,,,"Never disappoints; probably our 8th visit over many years. Best sushi I‚Äôve ever had, including many trips to Japan. After giving our waiter a short list of things we don‚Äôt like, we let him curate the meal omakase style which I highly recommend. Combination of layered flavors and textures is a real treat.",Read more,,,https://www.opentable.com/book/validate?rid=211213&d=2025-03-12T18%3A30%3A00&sd=2025-03-12T18%3A30%3A00&p=2&pt=100&pofids=&hash=2041766566&avt=eyJ2IjoyLCJtIjoxLCJwIjowLCJjIjo0NjI3OTc2LCJzIjowLCJuIjowfQ&corrid=00890699-fab7-4ff7-98b7-f082ee6d01ba&tc=default&experienceIds=&ra=&isMandatory=false&st=Standard,6:30 PM,https://www.opentable.com/book/validate?rid=211213&d=2025-03-12T18%3A45%3A00&sd=2025-03-12T18%3A45%3A00&p=2&pt=100&pofids=&hash=1851972836&avt=eyJ2IjoyLCJtIjoxLCJwIjowLCJjIjo0NjI3OTc2LCJzIjowLCJuIjowfQ&corrid=00890699-fab7-4ff7-98b7-f082ee6d01ba&tc=default&experienceIds=&ra=&isMandatory=false&st=Standard,6:45 PM,https://www.opentable.com/book/validate?rid=211213&d=2025-03-12T19%3A00%3A00&sd=2025-03-12T19%3A00%3A00&p=2&pt=100&pofids=&hash=3129850451&avt=eyJ2IjoyLCJtIjoxLCJwIjowLCJjIjo0NjI3OTc2LCJzIjowLCJuIjowfQ&corrid=00890699-fab7-4ff7-98b7-f082ee6d01ba&tc=default&experienceIds=&ra=&isMandatory=false&st=Standard,7:00 PM,https://www.opentable.com/book/validate?rid=211213&d=2025-03-12T19%3A15%3A00&sd=2025-03-12T19%3A15%3A00&p=2&pt=100&pofids=&hash=503629561&avt=eyJ2IjoyLCJtIjoxLCJwIjowLCJjIjo0NjI3OTc2LCJzIjowLCJuIjowfQ&corrid=00890699-fab7-4ff7-98b7-f082ee6d01ba&tc=default&experienceIds=&ra=&isMandatory=false&st=Standard,7:15 PM,https://cdn.otstatic.com/cfe/14/images/ic_photos-DSAVRTDM.svg,https://www.opentable.com/book/validate?rid=211213&d=2025-03-12T19%3A30%3A00&sd=2025-03-12T19%3A30%3A00&p=2&pt=100&pofids=&hash=66372423&avt=eyJ2IjoyLCJtIjoxLCJwIjowLCJjIjo0NjI3OTc2LCJzIjowLCJuIjowfQ&corrid=00890699-fab7-4ff7-98b7-f082ee6d01ba&tc=default&experienceIds=&ra=&isMandatory=false&st=Standard,7:30 PM
https://www.opentable.com/r/restaurante-fenix-cabo-san-lucas?corrid=00890699-fab7-4ff7-98b7-f082ee6d01ba&avt=eyJ2IjoyLCJtIjoxLCJwIjowLCJzIjowLCJuIjowfQ&p=2&sd=2025-03-12T19%3A00%3A00,,21. Restaurante F√©nix,Exceptional,https://www.opentable.com/r/restaurante-fenix-cabo-san-lucas?corrid=00890699-fab7-4ff7-98b7-f082ee6d01ba&avt=eyJ2IjoyLCJtIjoxLCJwIjowLCJzIjowLCJuIjowfQ&p=2&sd=2025-03-12T19%3A00%3A00#reviews,(24),Price: Expensive,‚Ä¢ Contemporary Mexican ‚Ä¢ Cabo San Lucas,Booked 1 time today,,,"Very delicious and artistic dishes. The staff was beyond nice and on every detail. Even though there are lights on the tables, it‚Äôs still pretty dark to see your food. Just a little more light would be perfect. You can‚Äôt beat the beautiful views of the Pacific Ocean and the sunset.",Read more,$,,https://www.opentable.com/book/validate?rid=1392583&d=2025-03-12T18%3A30%3A00&sd=2025-03-12T18%3A30%3A00&p=2&pt=100&pofids=&hash=2154272374&avt=eyJ2IjoyLCJtIjoxLCJwIjowLCJjIjo1NTIwMzMxLCJzIjowLCJuIjowfQ&corrid=00890699-fab7-4ff7-98b7-f082ee6d01ba&tc=default&experienceIds=&ra=&isMandatory=false&st=Standard,6:30 PM,https://www.opentable.com/book/validate?rid=1392583&d=2025-03-12T18%3A45%3A00&sd=2025-03-12T18%3A45%3A00&p=2&pt=100&pofids=&hash=571121005&avt=eyJ2IjoyLCJtIjoxLCJwIjowLCJjIjo1NTIwMzMxLCJzIjowLCJuIjowfQ&corrid=00890699-fab7-4ff7-98b7-f082ee6d01ba&tc=default&experienceIds=&ra=&isMandatory=false&st=Standard,6:45 PM,https://www.opentable.com/book/validate?rid=1392583&d=2025-03-12T19%3A00%3A00&sd=2025-03-12T19%3A00%3A00&p=2&pt=100&pofids=&hash=2991033594&avt=eyJ2IjoyLCJtIjoxLCJwIjowLCJjIjo1NTIwMzMxLCJzIjowLCJuIjowfQ&corrid=00890699-fab7-4ff7-98b7-f082ee6d01ba&tc=default&experienceIds=&ra=&isMandatory=false&st=Standard,7:00 PM,https://www.opentable.com/book/validate?rid=1392583&d=2025-03-12T19%3A15%3A00&sd=2025-03-12T19%3A15%3A00&p=2&pt=100&pofids=&hash=1847957668&avt=eyJ2IjoyLCJtIjoxLCJwIjowLCJjIjo1NTIwMzMxLCJzIjowLCJuIjowfQ&corrid=00890699-fab7-4ff7-98b7-f082ee6d01ba&tc=default&experienceIds=&ra=&isMandatory=false&st=Standard,7:15 PM,https://cdn.otstatic.com/cfe/14/images/ic_photos-DSAVRTDM.svg,https://www.opentable.com/book/validate?rid=1392583&d=2025-03-12T19%3A30%3A00&sd=2025-03-12T19%3A30%3A00&p=2&pt=100&pofids=&hash=1401236784&avt=eyJ2IjoyLCJtIjoxLCJwIjowLCJjIjo1NTIwMzMxLCJzIjowLCJuIjowfQ&corrid=00890699-fab7-4ff7-98b7-f082ee6d01ba&tc=default&experienceIds=&ra=&isMandatory=false&st=Standard,7:30 PM
https://www.opentable.com/r/trattoria-da-pietro-cabo-san-lucas?corrid=00890699-fab7-4ff7-98b7-f082ee6d01ba&avt=eyJ2IjoyLCJtIjoxLCJwIjowLCJzIjowLCJuIjowfQ&p=2&sd=2025-03-12T19%3A00%3A00,,22. Trattoria Da Pietro,Exceptional,https://www.opentable.com/r/trattoria-da-pietro-cabo-san-lucas?corrid=00890699-fab7-4ff7-98b7-f082ee6d01ba&avt=eyJ2IjoyLCJtIjoxLCJwIjowLCJzIjowLCJuIjowfQ&p=2&sd=2025-03-12T19%3A00%3A00#reviews,(272),Price: Expensive,‚Ä¢ Italian ‚Ä¢ Cabo San Lucas,Booked 3 times today,,,Service is impeccable! We wouldn't order the calamari again. It was just ok. Our entrees were wonderful. Ask to see the wine list and prices if you don't want to be surprised at the cost. A 4 ounce pour of a sauvignon blanc was $17.50.,Read more,$,You're in luck! We still have 4 timeslots left,https://www.opentable.com/book/validate?rid=1219276&d=2025-03-12T18%3A30%3A00&sd=2025-03-12T18%3A30%3A00&p=2&pt=100&pofids=&hash=3973981590&avt=eyJ2IjoyLCJtIjoxLCJwIjowLCJjIjo0LCJzIjowLCJuIjowfQ&corrid=00890699-fab7-4ff7-98b7-f082ee6d01ba&tc=default&experienceIds=&ra=&isMandatory=false&st=Standard,6:30 PM*,https://www.opentable.com/book/validate?rid=1219276&d=2025-03-12T18%3A45%3A00&sd=2025-03-12T18%3A45%3A00&p=2&pt=100&pofids=&hash=3308826919&avt=eyJ2IjoyLCJtIjoxLCJwIjowLCJjIjo0LCJzIjowLCJuIjowfQ&corrid=00890699-fab7-4ff7-98b7-f082ee6d01ba&tc=default&experienceIds=&ra=&isMandatory=false&st=Standard,6:45 PM*,https://www.opentable.com/book/validate?rid=1219276&d=2025-03-12T19%3A15%3A00&sd=2025-03-12T19%3A15%3A00&p=2&pt=100&pofids=&hash=1935286955&avt=eyJ2IjoyLCJtIjoxLCJwIjowLCJjIjo0LCJzIjowLCJuIjowfQ&corrid=00890699-fab7-4ff7-98b7-f082ee6d01ba&tc=default&experienceIds=&ra=&isMandatory=false&st=Standard,7:15 PM*,https://www.opentable.com/book/validate?rid=1219276&d=2025-03-12T19%3A30%3A00&sd=2025-03-12T19%3A30%3A00&p=2&pt=100&pofids=&hash=3366647132&avt=eyJ2IjoyLCJtIjoxLCJwIjowLCJjIjo0LCJzIjowLCJuIjowfQ&corrid=00890699-fab7-4ff7-98b7-f082ee6d01ba&tc=default&experienceIds=&ra=&isMandatory=false&st=Standard,7:30 PM*,https://cdn.otstatic.com/cfe/14/images/ic_photos-DSAVRTDM.svg,,
https://www.opentable.com/r/bar-esquina-los-cabos-cabo-san-lucas?corrid=00890699-fab7-4ff7-98b7-f082ee6d01ba&avt=eyJ2IjoyLCJtIjoxLCJwIjowLCJzIjowLCJuIjowfQ&p=2&sd=2025-03-12T19%3A00%3A00,,23. Bar Esquina Los Cabos,Exceptional,https://www.opentable.com/r/bar-esquina-los-cabos-cabo-san-lucas?corrid=00890699-fab7-4ff7-98b7-f082ee6d01ba&avt=eyJ2IjoyLCJtIjoxLCJwIjowLCJzIjowLCJuIjowfQ&p=2&sd=2025-03-12T19%3A00%3A00#reviews,(605),Price: Very Expensive,"‚Ä¢ Global, International ‚Ä¢ Cabo San Lucas",Booked 9 times today,,,"First time dining there and really liked the atmosphere and vibe! The dinner was great and the live music was awesome, will be back!",,,,https://www.opentable.com/book/validate?rid=44818&d=2025-03-12T17%3A30%3A00&sd=2025-03-12T17%3A30%3A00&p=2&pt=100&pofids=&hash=2030470164&avt=eyJ2IjoyLCJtIjoxLCJwIjowLCJjIjo0LCJzIjowLCJuIjowfQ&corrid=00890699-fab7-4ff7-98b7-f082ee6d01ba&tc=default&experienceIds=&ra=&isMandatory=false&st=Standard,5:30 PM,https://www.opentable.com/book/validate?rid=44818&d=2025-03-12T18%3A00%3A00&sd=2025-03-12T18%3A00%3A00&p=2&pt=100&pofids=&hash=347153978&avt=eyJ2IjoyLCJtIjoxLCJwIjowLCJjIjo0LCJzIjowLCJuIjowfQ&corrid=00890699-fab7-4ff7-98b7-f082ee6d01ba&tc=default&experienceIds=&ra=&isMandatory=false&st=Standard,6:00 PM,https://www.opentable.com/book/validate?rid=44818&d=2025-03-12T19%3A00%3A00&sd=2025-03-12T19%3A00%3A00&p=2&pt=100&pofids=&hash=17285729&avt=eyJ2IjoyLCJtIjoxLCJwIjowLCJjIjo0LCJzIjowLCJuIjowfQ&corrid=00890699-fab7-4ff7-98b7-f082ee6d01ba&tc=default&experienceIds=&ra=&isMandatory=false&st=Standard,7:00 PM,https://www.opentable.com/book/validate?rid=44818&d=2025-03-12T19%3A30%3A00&sd=2025-03-12T19%3A30%3A00&p=2&pt=100&pofids=&hash=2200569760&avt=eyJ2IjoyLCJtIjoxLCJwIjowLCJjIjo0LCJzIjowLCJuIjowfQ&corrid=00890699-fab7-4ff7-98b7-f082ee6d01ba&tc=default&experienceIds=&ra=&isMandatory=false&st=Standard,7:30 PM,https://cdn.otstatic.com/cfe/14/images/ic_photos-DSAVRTDM.svg,https://www.opentable.com/book/validate?rid=44818&d=2025-03-12T20%3A00%3A00&sd=2025-03-12T20%3A00%3A00&p=2&pt=100&pofids=&hash=1813407155&avt=eyJ2IjoyLCJtIjoxLCJwIjowLCJjIjo0LCJzIjowLCJuIjowfQ&corrid=00890699-fab7-4ff7-98b7-f082ee6d01ba&tc=default&experienceIds=&ra=&isMandatory=false&st=Standard,8:00 PM
https://www.opentable.com/r/rooftop-360-cabo-san-lucas?corrid=00890699-fab7-4ff7-98b7-f082ee6d01ba&avt=eyJ2IjoyLCJtIjoxLCJwIjowLCJzIjowLCJuIjowfQ&p=2&sd=2025-03-12T19%3A00%3A00,,24. Rooftop 360,Awesome,https://www.opentable.com/r/rooftop-360-cabo-san-lucas?corrid=00890699-fab7-4ff7-98b7-f082ee6d01ba&avt=eyJ2IjoyLCJtIjoxLCJwIjowLCJzIjowLCJuIjowfQ&p=2&sd=2025-03-12T19%3A00%3A00#reviews,(165),Price: Very Expensive,‚Ä¢ International ‚Ä¢ Cabo San Lucas,Booked 6 times today,,,We had a really nice sunset with live-music and the waiter Larry who tried to fulfill our every wish :) Hope to be able to come back soon!,,,,https://www.opentable.com/book/validate?rid=1168267&d=2025-03-12T18%3A30%3A00&sd=2025-03-12T18%3A30%3A00&p=2&pt=100&pofids=&hash=91952369&avt=eyJ2IjoyLCJtIjoxLCJwIjowLCJjIjo0LCJzIjowLCJuIjowfQ&corrid=00890699-fab7-4ff7-98b7-f082ee6d01ba&tc=default&experienceIds=&ra=&isMandatory=false&st=Standard,6:30 PM,https://www.opentable.com/book/validate?rid=1168267&d=2025-03-12T18%3A45%3A00&sd=2025-03-12T18%3A45%3A00&p=2&pt=100&pofids=&hash=1528667944&avt=eyJ2IjoyLCJtIjoxLCJwIjowLCJjIjo0LCJzIjowLCJuIjowfQ&corrid=00890699-fab7-4ff7-98b7-f082ee6d01ba&tc=default&experienceIds=&ra=&isMandatory=false&st=Standard,6:45 PM,https://www.opentable.com/book/validate?rid=1168267&d=2025-03-12T19%3A00%3A00&sd=2025-03-12T19%3A00%3A00&p=2&pt=100&pofids=&hash=3480837801&avt=eyJ2IjoyLCJtIjoxLCJwIjowLCJjIjo0LCJzIjowLCJuIjowfQ&corrid=00890699-fab7-4ff7-98b7-f082ee6d01ba&tc=default&experienceIds=&ra=&isMandatory=false&st=Standard,7:00 PM,https://www.opentable.com/book/validate?rid=1168267&d=2025-03-12T19%3A15%3A00&sd=2025-03-12T19%3A15%3A00&p=2&pt=100&pofids=&hash=3984164134&avt=eyJ2IjoyLCJtIjoxLCJwIjowLCJjIjo0LCJzIjowLCJuIjowfQ&corrid=00890699-fab7-4ff7-98b7-f082ee6d01ba&tc=default&experienceIds=&ra=&isMandatory=false&st=Standard,7:15 PM,https://cdn.otstatic.com/cfe/14/images/ic_photos-DSAVRTDM.svg,https://www.opentable.com/book/validate?rid=1168267&d=2025-03-12T19%3A30%3A00&sd=2025-03-12T19%3A30%3A00&p=2&pt=100&pofids=&hash=256971949&avt=eyJ2IjoyLCJtIjoxLCJwIjowLCJjIjo0LCJzIjowLCJuIjowfQ&corrid=00890699-fab7-4ff7-98b7-f082ee6d01ba&tc=default&experienceIds=&ra=&isMandatory=false&st=Standard,7:30 PM
https://www.opentable.com/r/yaya-at-chileno-bay-resort-and-residences-cabo-san-lucas?corrid=00890699-fab7-4ff7-98b7-f082ee6d01ba&avt=eyJ2IjoyLCJtIjoxLCJwIjowLCJzIjowLCJuIjowfQ&p=2&sd=2025-03-12T19%3A00%3A00,,25. YAYA at Chileno Bay Resort & Residences,Exceptional,https://www.opentable.com/r/yaya-at-chileno-bay-resort-and-residences-cabo-san-lucas?corrid=00890699-fab7-4ff7-98b7-f082ee6d01ba&avt=eyJ2IjoyLCJtIjoxLCJwIjowLCJzIjowLCJuIjowfQ&p=2&sd=2025-03-12T19%3A00%3A00#reviews,(113),Price: Very Expensive,‚Ä¢ Mediterranean ‚Ä¢ Cabo San Lucas,Booked 3 times today,Find next available,"At the moment, there's no online availability within 2.5 hours of your request. Do you have another time in mind?",We stayed at Chileno Bay Resort for a vacation. Tried the restaurant onsite for the convenience. Food was good but definitely much more expensive than the taste. Overall great service and very nice staff.,,,,,,,,,,,,https://cdn.otstatic.com/cfe/14/images/ic_photos-DSAVRTDM.svg,,
https://www.opentable.com/r/panache-restaurant-cabo-san-lucas?corrid=00890699-fab7-4ff7-98b7-f082ee6d01ba&avt=eyJ2IjoyLCJtIjoxLCJwIjowLCJzIjowLCJuIjowfQ&p=2&sd=2025-03-12T19%3A00%3A00,,26. PANACHE RESTAURANT,Exceptional,https://www.opentable.com/r/panache-restaurant-cabo-san-lucas?corrid=00890699-fab7-4ff7-98b7-f082ee6d01ba&avt=eyJ2IjoyLCJtIjoxLCJwIjowLCJzIjowLCJuIjowfQ&p=2&sd=2025-03-12T19%3A00%3A00#reviews,(10),Price: Expensive,‚Ä¢ European ‚Ä¢ Cabo San Lucas,Booked 9 times today,,,"Panache is our ‚Äúgo to‚Äù restaurant every time we are in Cabo. The food is so, so delicious!",,$,,https://www.opentable.com/book/validate?rid=1415479&d=2025-03-12T18%3A30%3A00&sd=2025-03-12T18%3A30%3A00&p=2&pt=100&pofids=&hash=3242813671&avt=eyJ2IjoyLCJtIjoxLCJwIjowLCJjIjo0LCJzIjowLCJuIjowfQ&corrid=00890699-fab7-4ff7-98b7-f082ee6d01ba&tc=default&experienceIds=&ra=&isMandatory=false&st=Standard,6:30 PM,https://www.opentable.com/book/validate?rid=1415479&d=2025-03-12T18%3A45%3A00&sd=2025-03-12T18%3A45%3A00&p=2&pt=100&pofids=&hash=1068449399&avt=eyJ2IjoyLCJtIjoxLCJwIjowLCJjIjo0LCJzIjowLCJuIjowfQ&corrid=00890699-fab7-4ff7-98b7-f082ee6d01ba&tc=default&experienceIds=&ra=&isMandatory=false&st=Standard,6:45 PM,https://www.opentable.com/book/validate?rid=1415479&d=2025-03-12T19%3A00%3A00&sd=2025-03-12T19%3A00%3A00&p=2&pt=100&pofids=&hash=3495053771&avt=eyJ2IjoyLCJtIjoxLCJwIjowLCJjIjo0LCJzIjowLCJuIjowfQ&corrid=00890699-fab7-4ff7-98b7-f082ee6d01ba&tc=default&experienceIds=&ra=&isMandatory=false&st=Standard,7:00 PM,https://www.opentable.com/book/validate?rid=1415479&d=2025-03-12T19%3A15%3A00&sd=2025-03-12T19%3A15%3A00&p=2&pt=100&pofids=&hash=1635833992&avt=eyJ2IjoyLCJtIjoxLCJwIjowLCJjIjo0LCJzIjowLCJuIjowfQ&corrid=00890699-fab7-4ff7-98b7-f082ee6d01ba&tc=default&experienceIds=&ra=&isMandatory=false&st=Standard,7:15 PM,https://cdn.otstatic.com/cfe/14/images/ic_photos-DSAVRTDM.svg,https://www.opentable.com/book/validate?rid=1415479&d=2025-03-12T19%3A30%3A00&sd=2025-03-12T19%3A30%3A00&p=2&pt=100&pofids=&hash=3308317574&avt=eyJ2IjoyLCJtIjoxLCJwIjowLCJjIjo0LCJzIjowLCJuIjowfQ&corrid=00890699-fab7-4ff7-98b7-f082ee6d01ba&tc=default&experienceIds=&ra=&isMandatory=false&st=Standard,7:30 PM
https://www.opentable.com/r/los-tres-gallos-san-jose-del-cabo?corrid=00890699-fab7-4ff7-98b7-f082ee6d01ba&avt=eyJ2IjoyLCJtIjoxLCJwIjowLCJzIjowLCJuIjowfQ&p=2&sd=2025-03-12T19%3A00%3A00,,27. Los Tres Gallos - San Jos√© del Cabo,Awesome,https://www.opentable.com/r/los-tres-gallos-san-jose-del-cabo?corrid=00890699-fab7-4ff7-98b7-f082ee6d01ba&avt=eyJ2IjoyLCJtIjoxLCJwIjowLCJzIjowLCJuIjowfQ&p=2&sd=2025-03-12T19%3A00%3A00#reviews,(438),Price: Very Expensive,‚Ä¢ Mexican ‚Ä¢ San Jos√© del Cabo,Booked 11 times today,,,"Great meal and service was on point. Abraham was on every detail, Jesus was a fine waiter. Will be back!",,,You're in luck! We still have 4 timeslots left,https://www.opentable.com/book/validate?rid=1069039&d=2025-03-12T18%3A00%3A00&sd=2025-03-12T18%3A00%3A00&p=2&pt=100&pofids=&hash=242352261&avt=eyJ2IjoyLCJtIjoxLCJwIjowLCJjIjo0LCJzIjowLCJuIjowfQ&corrid=00890699-fab7-4ff7-98b7-f082ee6d01ba&tc=default&experienceIds=&ra=&isMandatory=false&st=Standard,6:00 PM,https://www.opentable.com/book/validate?rid=1069039&d=2025-03-12T18%3A15%3A00&sd=2025-03-12T18%3A15%3A00&p=2&pt=100&pofids=&hash=257777999&avt=eyJ2IjoyLCJtIjoxLCJwIjowLCJjIjo0LCJzIjowLCJuIjowfQ&corrid=00890699-fab7-4ff7-98b7-f082ee6d01ba&tc=default&experienceIds=&ra=&isMandatory=false&st=Standard,6:15 PM,https://www.opentable.com/book/validate?rid=1069039&d=2025-03-12T19%3A45%3A00&sd=2025-03-12T19%3A45%3A00&p=2&pt=100&pofids=&hash=2862009435&avt=eyJ2IjoyLCJtIjoxLCJwIjowLCJjIjo0LCJzIjowLCJuIjowfQ&corrid=00890699-fab7-4ff7-98b7-f082ee6d01ba&tc=default&experienceIds=&ra=&isMandatory=false&st=Standard,7:45 PM,https://www.opentable.com/book/validate?rid=1069039&d=2025-03-12T20%3A00%3A00&sd=2025-03-12T20%3A00%3A00&p=2&pt=100&pofids=&hash=4257588982&avt=eyJ2IjoyLCJtIjoxLCJwIjowLCJjIjo0LCJzIjowLCJuIjowfQ&corrid=00890699-fab7-4ff7-98b7-f082ee6d01ba&tc=default&experienceIds=&ra=&isMandatory=false&st=Standard,8:00 PM,https://cdn.otstatic.com/cfe/14/images/ic_photos-DSAVRTDM.svg,,
https://www.opentable.com/r/los-tamarindos-san-jose-del-cabo?corrid=00890699-fab7-4ff7-98b7-f082ee6d01ba&avt=eyJ2IjoyLCJtIjoxLCJwIjowLCJzIjowLCJuIjowfQ&p=2&sd=2025-03-12T19%3A00%3A00,,28. Los Tamarindos,Exceptional,https://www.opentable.com/r/los-tamarindos-san-jose-del-cabo?corrid=00890699-fab7-4ff7-98b7-f082ee6d01ba&avt=eyJ2IjoyLCJtIjoxLCJwIjowLCJzIjowLCJuIjowfQ&p=2&sd=2025-03-12T19%3A00%3A00#reviews,(834),Price: Very Expensive,‚Ä¢ Mexican ‚Ä¢ San Jos√© del Cabo,Booked 13 times today,,,Excellent food!!! Service was good. Music not too loud. The food was the highlight. Fresh delicious and beautiful presentation.,,,,https://www.opentable.com/book/validate?rid=729436&d=2025-03-12T18%3A30%3A00&sd=2025-03-12T18%3A30%3A00&p=2&pt=100&pofids=&hash=1995539267&avt=eyJ2IjoyLCJtIjoxLCJwIjowLCJjIjozNTQzNzQ2LCJzIjowLCJuIjowfQ&corrid=00890699-fab7-4ff7-98b7-f082ee6d01ba&tc=default&experienceIds=&ra=&isMandatory=false&st=Standard,6:30 PM,https://www.opentable.com/book/validate?rid=729436&d=2025-03-12T18%3A45%3A00&sd=2025-03-12T18%3A45%3A00&p=2&pt=100&pofids=&hash=2629509152&avt=eyJ2IjoyLCJtIjoxLCJwIjowLCJjIjozNTQzNzQ2LCJzIjowLCJuIjowfQ&corrid=00890699-fab7-4ff7-98b7-f082ee6d01ba&tc=default&experienceIds=&ra=&isMandatory=false&st=Standard,6:45 PM,https://www.opentable.com/book/validate?rid=729436&d=2025-03-12T19%3A00%3A00&sd=2025-03-12T19%3A00%3A00&p=2&pt=100&pofids=&hash=3351999527&avt=eyJ2IjoyLCJtIjoxLCJwIjowLCJjIjozNTQzNzQ2LCJzIjowLCJuIjowfQ&corrid=00890699-fab7-4ff7-98b7-f082ee6d01ba&tc=default&experienceIds=&ra=&isMandatory=false&st=Standard,7:00 PM,https://www.opentable.com/book/validate?rid=729436&d=2025-03-12T19%3A15%3A00&sd=2025-03-12T19%3A15%3A00&p=2&pt=100&pofids=&hash=2149188637&avt=eyJ2IjoyLCJtIjoxLCJwIjowLCJjIjozNTQzNzQ2LCJzIjowLCJuIjowfQ&corrid=00890699-fab7-4ff7-98b7-f082ee6d01ba&tc=default&experienceIds=&ra=&isMandatory=false&st=Standard,7:15 PM,https://cdn.otstatic.com/cfe/14/images/ic_photos-DSAVRTDM.svg,https://www.opentable.com/book/validate?rid=729436&d=2025-03-12T19%3A30%3A00&sd=2025-03-12T19%3A30%3A00&p=2&pt=100&pofids=&hash=494329718&avt=eyJ2IjoyLCJtIjoxLCJwIjowLCJjIjozNTQzNzQ2LCJzIjowLCJuIjowfQ&corrid=00890699-fab7-4ff7-98b7-f082ee6d01ba&tc=default&experienceIds=&ra=&isMandatory=false&st=Standard,7:30 PM
https://www.opentable.com/r/coraluz-at-four-seasons-cabo-san-lucas-at-cabo-del-sol-cabo-san-lucas?corrid=00890699-fab7-4ff7-98b7-f082ee6d01ba&avt=eyJ2IjoyLCJtIjoxLCJwIjowLCJzIjowLCJuIjowfQ&p=2&sd=2025-03-12T19%3A00%3A00,,29. Coraluz at Four Seasons Cabo San Lucas at Cabo Del Sol,Exceptional,https://www.opentable.com/r/coraluz-at-four-seasons-cabo-san-lucas-at-cabo-del-sol-cabo-san-lucas?corrid=00890699-fab7-4ff7-98b7-f082ee6d01ba&avt=eyJ2IjoyLCJtIjoxLCJwIjowLCJzIjowLCJuIjowfQ&p=2&sd=2025-03-12T19%3A00%3A00#reviews,(11),Price: Expensive,‚Ä¢ Mexican ‚Ä¢ Cabo San Lucas,Booked 12 times today,,,"We chose Coraluz to celebrate my fianc√©'s birthday and it turned out to be an unforgettable experience! Service: The service was truly top-notch. Our server went above and beyond to make us feel special, even bringing out a complimentary dessert to celebrate my fianc√©'s birthday. His attentiveness and genuine warmth added a personal touch that made the afternoon even more memorable. Ambiance: The ambiance was perfect for a celebration. The restaurant had a lovely atmosphere that blended elegance with comfort. Tasteful decor created an intimate setting, allowing us to enjoy our special occasion in style. Food: The food was absolutely amazing! Dish we tried was a culinary delight, and, of course, the birthday dessert. The flavors were rich and well-balanced, showcasing the chef's creativity. It was clear that a lot of care went into preparing each dish. Overall, our experience was fantastic, and we couldn‚Äôt have asked for a better place to celebrate this special milestone. We are already looking forward to our next visit!",Read more,$,You're in luck! We still have 2 timeslots left,https://www.opentable.com/book/validate?rid=1318486&d=2025-03-12T16%3A30%3A00&sd=2025-03-12T16%3A30%3A00&p=2&pt=100&pofids=&hash=4115006067&avt=eyJ2IjoyLCJtIjoxLCJwIjowLCJjIjo0LCJzIjowLCJuIjowfQ&corrid=00890699-fab7-4ff7-98b7-f082ee6d01ba&tc=default&experienceIds=&ra=&isMandatory=false&st=Standard,4:30 PM,https://www.opentable.com/book/validate?rid=1318486&d=2025-03-12T16%3A45%3A00&sd=2025-03-12T16%3A45%3A00&p=2&pt=100&pofids=&hash=831306621&avt=eyJ2IjoyLCJtIjoxLCJwIjowLCJjIjo0LCJzIjowLCJuIjowfQ&corrid=00890699-fab7-4ff7-98b7-f082ee6d01ba&tc=default&experienceIds=&ra=&isMandatory=false&st=Standard,4:45 PM,,,,,https://cdn.otstatic.com/cfe/14/images/ic_photos-DSAVRTDM.svg,,
https://www.opentable.com/r/encanto-farm-and-sea-restaurant-hotel-mar-del-cabo-by-velas-resorts-san-jose-del-cabo?corrid=00890699-fab7-4ff7-98b7-f082ee6d01ba&avt=eyJ2IjoyLCJtIjoxLCJwIjowLCJzIjowLCJuIjowfQ&p=2&sd=2025-03-12T19%3A00%3A00,,"30. Encanto, Farm & Sea Restaurant ‚Äì Hotel Mar Del Cabo by Velas Resorts",Awesome,https://www.opentable.com/r/encanto-farm-and-sea-restaurant-hotel-mar-del-cabo-by-velas-resorts-san-jose-del-cabo?corrid=00890699-fab7-4ff7-98b7-f082ee6d01ba&avt=eyJ2IjoyLCJtIjoxLCJwIjowLCJzIjowLCJuIjowfQ&p=2&sd=2025-03-12T19%3A00%3A00#reviews,(39),Price: Expensive,‚Ä¢ Farm-to-table ‚Ä¢ San Jos√© del Cabo,Booked 1 time today,,,We come here every time we come to Cabo. One of our favorite restaurants and the service is always excellent. The food is absolutely amazing as well. Highly recommend.,,$,,https://www.opentable.com/book/validate?rid=1246927&d=2025-03-12T18%3A30%3A00&sd=2025-03-12T18%3A30%3A00&p=2&pt=100&pofids=&hash=998509025&avt=eyJ2IjoyLCJtIjoxLCJwIjowLCJjIjo0LCJzIjowLCJuIjowfQ&corrid=00890699-fab7-4ff7-98b7-f082ee6d01ba&tc=default&experienceIds=&ra=&isMandatory=false&st=Standard,6:30 PM*,https://www.opentable.com/book/validate?rid=1246927&d=2025-03-12T18%3A45%3A00&sd=2025-03-12T18%3A45%3A00&p=2&pt=100&pofids=&hash=3672254474&avt=eyJ2IjoyLCJtIjoxLCJwIjowLCJjIjo0LCJzIjowLCJuIjowfQ&corrid=00890699-fab7-4ff7-98b7-f082ee6d01ba&tc=default&experienceIds=&ra=&isMandatory=false&st=Standard,6:45 PM*,https://www.opentable.com/book/validate?rid=1246927&d=2025-03-12T19%3A00%3A00&sd=2025-03-12T19%3A00%3A00&p=2&pt=100&pofids=&hash=3127191464&avt=eyJ2IjoyLCJtIjoxLCJwIjowLCJjIjo0LCJzIjowLCJuIjowfQ&corrid=00890699-fab7-4ff7-98b7-f082ee6d01ba&tc=default&experienceIds=&ra=&isMandatory=false&st=Standard,7:00 PM*,https://www.opentable.com/book/validate?rid=1246927&d=2025-03-12T19%3A15%3A00&sd=2025-03-12T19%3A15%3A00&p=2&pt=100&pofids=&hash=704606332&avt=eyJ2IjoyLCJtIjoxLCJwIjowLCJjIjo0LCJzIjowLCJuIjowfQ&corrid=00890699-fab7-4ff7-98b7-f082ee6d01ba&tc=default&experienceIds=&ra=&isMandatory=false&st=Standard,7:15 PM*,https://cdn.otstatic.com/cfe/14/images/ic_photos-DSAVRTDM.svg,https://www.opentable.com/book/validate?rid=1246927&d=2025-03-12T19%3A30%3A00&sd=2025-03-12T19%3A30%3A00&p=2&pt=100&pofids=&hash=4160364366&avt=eyJ2IjoyLCJtIjoxLCJwIjowLCJjIjo0LCJzIjowLCJuIjowfQ&corrid=00890699-fab7-4ff7-98b7-f082ee6d01ba&tc=default&experienceIds=&ra=&isMandatory=false&st=Standard,7:30 PM*
